n_b,n_over_n0,y,quark_fraction,k_bu,k_fp,k_fn,n_p,n_n,energy_density,mu_e,eps_e,eps_mu,mu_b,pressure,vs2
0.008,0.05,0.0023595543294721,0.0133659627540047,0.0912095212169096,0.1099540112034949,0.619520739352431,1.862413291350696e-05,0.0078744481650544,7.5192264524683905,16.262274976641635,0.0002303436297685,0.0,941.0430704992642,0.0091249068196797,0.001499195486588
0.0146554621848739,0.0915966386554621,0.0047901188336678,0.0063214525163872,0.0848480397526085,0.1411354244721689,0.7623378852617027,6.975763057687544e-05,0.0144930607459896,13.78606997891976,25.18825771108352,0.0013264608161506,0.0,942.1652566080372,0.0217166068295586,0.0024710463832248
0.0213109243697479,0.1331932773109244,0.0072749688046293,0.0039663150295626,0.0809952260941208,0.1770433621151944,0.8675923556937719,0.0001544213871412,0.021071977142985,20.060198040218584,32.79875249418906,0.0038142105777005,0.0,943.1739169681136,0.0397519671238875,0.003336842273818
0.0279663865546218,0.1747899159663865,0.0097691708568964,0.0028393501623883,0.0784551440883042,0.2125804936700474,0.9539366016204416,0.000272432674163,0.0276145475162535,26.340743909971984,39.61511830983715,0.0081180624165375,0.0,944.1166692730388,0.0629442659618213,0.0041722526707603
0.0346218487394958,0.2163865546218487,0.0122502939758809,0.0021995149591233,0.0767824839809259,0.2469820135591041,1.0286307267006385,0.0004231949495515,0.0341225025157292,32.62731653297684,45.86900754238434,0.0145916467472171,0.0,945.0244547596476,0.0913948909206254,0.0050250530914423
0.0412773109243697,0.2579831932773109,0.0147046574258956,0.0017986516858202,0.0757678423900582,0.2802764916216752,1.095353839776054,0.0006058769912996,0.0405971904281898,38.91975740055857,51.68963466313837,0.0235316427557324,0.0,945.8975224812403,0.1244849588047714,0.0058921833995499
0.0479327731092437,0.2995798319327731,0.0171232737685445,0.0015300023352209,0.0752581448402959,0.3126280195479335,1.1562596918763837,0.0008195102225438,0.047039925631909,45.21804688552387,57.15891050857716,0.0351869726086002,0.0,946.7781334225324,0.1637514203110655,0.0068783586010572
0.0545882352941176,0.3411764705882353,0.0194995518451058,0.0013441406636381,0.0752320154004146,0.3442087193560122,1.2127301315355854,0.0010630153589306,0.0534518456683719,51.52225943007564,62.332702932163485,0.0497640248012896,0.0,947.6765335043872,0.2098051998490788,0.0079862350484415
0.0612436974789916,0.3827731092436975,0.0218290261701763,0.0012101873851395,0.0755669909878812,0.3751654940562659,1.2657132638951791,0.0013352723872811,0.0598343087416021,57.832539200961655,67.25190569620447,0.0674332600294516,0.0,948.6014231264992,0.2633813350405276,0.009223580503203
0.0678991596638655,0.4243697478991597,0.0241080750865692,0.0011123314599578,0.0762384120458653,0.4056249187950709,1.31589022412155,0.0016350972440587,0.066188536048408,64.14908575750471,71.94711835225516,0.0883308801810561,0.0,949.56015321451,0.3253044117094248,0.0105998014062872
0.0745546218487395,0.4659663865546219,0.0263336374320444,0.001042540483914,0.0772970882452822,0.4356939151809176,1.3637690585454514,0.0019612475667742,0.072515648070425,70.47214511478056,76.44193087492671,0.1125610244247114,0.0,950.559123288272,0.3964792626139086,0.0121250681784895
0.0812100840336134,0.5075630252100841,0.0285035404376275,0.0009929089371245,0.0786863933954552,0.465461847951245,1.4097418633232142,0.0023124765534954,0.0788169732618963,76.80200400952566,80.75543373251755,0.1402007953853181,0.0,951.6040850544672,0.4778886464576715,0.0138100611615798
0.0878655462184874,0.5491596638655463,0.030615900590201,0.0009585509396024,0.0803754406688118,0.4950060944804164,1.4541179217687004,0.0026875042469062,0.0850938183696947,83.1389861215155,84.9030360133675,0.1713002513827126,0.0,952.7003553048608,0.5705937206893168,0.0156659011383271
0.0945210084033613,0.5907563025210085,0.0326688332601029,0.0009378540198483,0.0824158824107015,0.5243943883926999,1.4971457426068318,0.0030849950720598,0.0913473664236103,89.4834496146387,88.89717687783977,0.205881999912045,0.0,953.8529654487254,0.6757359655933897,0.0177041441020254
0.1011764705882353,0.6323529411764707,0.0346608512762502,0.0009282091441698,0.0847853435950142,0.5536860907018779,1.5390298479950946,0.0035036074977823,0.0975789501652781,95.83578555744756,92.74837555623763,0.2439455589419059,0.0,955.0668621012568,0.7945486696666251,0.0199355428040309
0.1078319327731092,0.6739495798319329,0.0365904922138255,0.0009282091441698,0.0874863292406442,0.5829343494363564,1.5799404509114374,0.0039419611327272,0.1037898810543485,102.1964169913685,96.46537212581276,0.2854660337641674,0.0,956.3487416294836,0.9285373710076784,0.0223421898417972
0.1144873949579832,0.7155462184873951,0.0384562459702719,0.0009375218324507,0.0905534999815102,0.6121871346724232,1.6200209994299253,0.0043986277416697,0.1099814327839999,108.56579844805027,100.0554280584332,0.3303939919898902,0.0,957.701770008926,1.0789626156413306,0.0248918887106555
0.1211428571428571,0.7571428571428572,0.0402570723870888,0.0009531275691157,0.0938769745410533,0.6414884829094951,1.659395533410689,0.0048722085025414,0.1161551840433714,114.94441582816098,103.52504487289076,0.3786622232694409,0.0,959.1232202444336,1.2464674255749912,0.0275733544713843
0.1277983193277311,0.7987394957983195,0.0420934366488178,0.0009750263541648,0.0974765259183601,0.6714104619811142,1.6981293440326932,0.0053742253329788,0.1222994872653897,121.33277792481432,106.8487014745202,0.4296827444239535,0.0018772876724615,960.6089655353708,1.4314544700003466,0.0304073065491079
0.134453781512605,0.8403361344537816,0.0443224513838454,0.0009962607644188,0.1010073863620551,0.7038485463094211,1.73617717485556,0.0059533841565779,0.1283664463288783,127.73124112068366,109.91689711118376,0.4812040854583575,0.013225264027901,962.1582145056944,1.6346638447188724,0.0334461147927737
0.141109243697479,0.8819327731092438,0.0466470622240629,0.0010218435641598,0.1047345046489841,0.7372943641052342,1.7737388141515775,0.0065756055578914,0.1343894465670718,134.14019137215146,112.81297046270268,0.5339592083718528,0.0298679936711555,963.776400360624,1.8576731467953491,0.0367639533288969
0.1477647058823529,0.923529411764706,0.0489659651027452,0.0010549996963869,0.1088356426064124,0.7712737929616602,1.810926962072093,0.007227808043139,0.1403810061193713,140.56015902194193,115.56730486663692,0.58804735703767,0.0503717016606997,965.475134484244,2.1030752181702894,0.0404381747325722
0.1544201680672269,0.9651260504201682,0.0512324268600412,0.0010961882327929,0.1133441699184568,0.8056011235009116,1.8478261807442309,0.0079026476703666,0.146348246825719,146.99174806674787,118.1955952594455,0.6433953289669221,0.0740325123956439,967.2685706510052,2.374097264065199,0.0445224297558295
0.1610756302521008,1.0067226890756305,0.0534193874608701,0.001144950101685,0.1182404364729263,0.84019332723798,1.884507044750428,0.008594709709373,0.1522964969834916,153.4356208629868,120.7080462996505,0.6998709258921564,0.1003754790013444,969.1663802333462,2.6735298673185923,0.049015967542094
0.1677310924369748,1.0483193277310925,0.0555088321386628,0.0012036890336531,0.1236474439885268,0.8750142931772801,1.921028677876072,0.0092993500390948,0.1582298463213108,159.8924923063687,123.11151120388526,0.7573001094824791,0.129022434313015,971.1755615209936,3.0039087365288424,0.0539101491118855
0.1743865546218487,1.0899159663865547,0.057488386903846,0.0012740175001968,0.1296403706171646,0.9100542651250506,1.9574432933644723,0.0100124294404915,0.1641519536589699,166.36312719263952,125.41104406128,0.815486499816984,0.1596460536493945,973.3033927778586,3.367960440144458,0.0592142873209241
0.1810420168067227,1.131512605042017,0.0593502225320089,0.0013520461835218,0.13600938585069,0.9453224349854958,1.9938010457033477,0.0107303564057382,0.1700668832331038,172.84833901465777,127.61101501562815,0.8742316812946247,0.1919550828804548,975.5571151552878,3.7685508357132,0.0649421781129804
0.1876974789915967,1.1731092436974793,0.0610864947480354,0.0014437359446147,0.1430398508637752,0.9808293020728676,2.0301406529795987,0.0114492275043835,0.1759772658900794,179.34898955456316,129.7136170064869,0.9332895240995308,0.2256552098087842,977.943961647665,4.208689041697198,0.0711093683099086
0.1943529411764706,1.2147058823529413,0.0626922651594611,0.0015480902212828,0.150657893092111,1.016595479223948,2.066501414198011,0.0121655635318238,0.1818865017569338,185.86598885259255,131.72107036858478,0.9924195729634724,0.2604695161629648,980.471191247514,4.691533638498811,0.0777320370189112
0.2010084033613445,1.2563025210084036,0.0641628998963656,0.0016669752536163,0.1589272257909593,1.0526420931385825,2.102917031884514,0.0128757826131639,0.1877975447140083,192.400295433082,133.63459990121015,1.051356909535882,0.2961167125997115,983.1461081908697,5.220397120899094,0.0848263123356658
0.2076638655462185,1.2978991596638658,0.0654948490539125,0.0018000588542174,0.167800565160848,1.0889935085582612,2.139419696353351,0.0135764310830802,0.1937136272832608,198.95291661239216,135.45511302495586,1.109829549612779,0.3323178442896748,985.9760666345752,5.798748035347614,0.0924077330976631
0.2143193277310924,1.339495798319328,0.0666842072336293,0.0019506928503807,0.177399556239876,1.1256712231509147,2.176035790834188,0.0142638357193665,0.1996374208314224,205.52490880836277,137.18261311103555,1.167538233836072,0.3687816122640917,988.9684635344228,6.43021079555308,0.1004907575547481
0.2209747899159664,1.38109243697479,0.0677279247876655,0.0021195416169012,0.1877122759534935,1.1626988552012143,2.212791091415552,0.0149344425440584,0.2055719821083951,212.11737776778625,138.81696112194624,1.2241794908935355,0.405217020932428,992.1307199876812,7.1185627478854485,0.1090882486991553
0.2276302521008404,1.4226890756302524,0.0686228584383335,0.0023087551157783,0.1987890716352116,1.2000979273734875,2.249707598660634,0.0155845743369967,0.2115201352547999,218.731478626141,140.35745596476352,1.2794315252883022,0.4413236184532517,995.470251685892,7.867728181813504,0.1182109497677287
0.2342857142857143,1.4642857142857144,0.0693661554419105,0.0025198673997045,0.210646422648043,1.237889446745116,2.286805381575233,0.0162105476517425,0.2174847977003266,225.36841574941693,141.80309272566126,1.3329627852328445,0.4767963131523485,998.9944296550376,8.681769108662195,0.1278669038622982
0.2409411764705882,1.505882352941177,0.069955184911366,0.0027539534496795,0.2232778312387333,1.2760935143020686,2.324102605822476,0.0168086664345133,0.2234689692519638,232.02944228036137,143.15256269067928,1.384432631243404,0.511325589157041,1002.7105293652183,9.56487197740384,0.1380608479953718
0.2475966386554622,1.547478991596639,0.0703870022574017,0.0030146972803952,0.2367779457256613,1.3147258595263485,2.361612643052032,0.0173750462703694,0.2294751634719032,238.71585928835643,144.40398820886946,1.4334817426028004,0.5445909106177254,1006.625669765051,10.521330232181697,0.1487935636552071
0.2542521008403361,1.589075630252101,0.0706591214491878,0.0033043757381462,0.2511742317987361,1.3538016155777617,2.3993477796306,0.0179058662016083,0.2355060901653382,245.42901452201613,145.55534052261612,1.4797490794344017,0.5762721617887343,1010.746740897284,11.55552197746698,0.160061207026149
0.2609075630252101,1.6306722689075632,0.0707692048274539,0.0036258031597271,0.2665081373377955,1.3933330708127134,2.4373174154671027,0.0183972731387576,0.2415642904200389,252.17030058531807,146.6042740214679,1.522867446175489,0.6060470258042806,1015.0803213324184,12.671882612140678,0.1718546339745895
0.267563025210084,1.6722689075630257,0.0707155112862796,0.0039796439199329,0.2827372407935743,1.433332295049644,2.475530880439388,0.0188455578589809,0.2476526617846269,258.9411525914835,147.54836271182387,1.5624755217258448,0.6335997613017077,1019.6325854115636,13.87487202532111,0.1841587434024933
0.274218487394958,1.7138655462184875,0.0704960342854673,0.0043708623175576,0.2999703609204099,1.473803774542746,2.5139906288537808,0.0192468213689354,0.2537730947726903,265.74304512215485,148.3846167607935,1.5982003433389935,0.6586096217139801,1024.4092008962562,15.168936105647106,0.1969518652932535
0.2808739495798319,1.7554621848739498,0.0701096440689616,0.0048015298957935,0.3182043479940301,1.5147519007451469,2.552699766257538,0.0195974210379796,0.2599279038759952,272.5774885088281,149.11008721087276,1.6296856785140923,0.6807712792903541,1029.4152193648192,16.558462838540663,0.2102052556245696
0.2875294117647059,1.797058823529412,0.0695556128604279,0.0052747931788326,0.3374689976237252,1.5561762781670123,2.5916578739206453,0.0198937923614904,0.2661189612233253,279.44602434885905,149.72158845837166,1.656584135864816,0.6997902297938253,1034.6549609185713,18.04773313104846,0.2238826983803288
0.2941848739495799,1.838655462184874,0.068833744707748,0.0057954111623665,0.3578381756679559,1.598070670880681,2.630860235172878,0.0201324903238242,0.2723474613234688,286.3502202507949,150.21574603034185,1.6785630661874622,0.7153878396438338,1040.1318967930692,19.6408672030023,0.2379403238417134
0.3008403361344538,1.8802521008403363,0.0679451567968159,0.0063617713748958,0.3791843712060643,1.6404317306489198,2.6703074459580107,0.0203106051067907,0.2786158535888288,293.29166379688974,150.58942795806863,1.6953281999043628,0.7273191475191879,1045.8485335287278,21.34176753052867,0.2523266427855201
0.3074957983193278,1.9218487394957984,0.0668909476035295,0.006984261485701,0.4017407490735926,1.6832376099743578,2.709983373695393,0.020425028256896,0.2849231390012151,300.271955773361,150.8389565344193,1.7065929454273232,0.7353520886660699,1051.8063039075994,23.15405999897638,0.2669828762605421
0.3141512605042017,1.9634453781512609,0.0656742002933929,0.0076595296674877,0.4253265298735674,1.7264769962670028,2.749886587330026,0.0204736042012179,0.2912714054030732,307.29270266667555,150.9612665445708,1.712134978459794,0.7393088373265272,1058.0054695083086,25.08103503905824,0.2818436102299284
0.3208067226890756,2.0050420168067227,0.0642985468084265,0.0083937420843448,0.4500386197391559,1.7701221376031355,2.7900019891174,0.0204542649488164,0.297659688851083,314.35550861753364,150.95306124120813,1.7117627631929178,0.7390429967324813,1064.4450412874487,27.125591245805023,0.2968378154716489
0.3274621848739496,2.046638655462185,0.0627691032784697,0.0091896346542597,0.4758711795370269,1.8141433368807616,2.830317025263377,0.0203656192858653,0.3040873077460069,321.461966887302,150.81137582661077,1.705345087334004,0.7344616032442361,1071.1227250657605,29.290184426374708,0.311890228123083
0.3341176470588236,2.088235294117647,0.0610923679928456,0.010051301998129,0.5028517724745706,1.858503271980811,2.870815903100137,0.0202068706862031,0.3105524589991278,328.6136510675171,150.53354519928757,1.6928130847257974,0.72552736777186,1078.0348976420537,31.57678497020493,0.326923089658756
0.3407731092436974,2.129831932773109,0.0592761993300798,0.0109773369475554,0.5308704556195315,1.9031643186193452,2.9114892176514418,0.01997799545526,0.3170543325456033,335.8121062450388,150.11722895906212,1.6741639145088112,0.7122618836626725,1085.1766181564778,33.98684631577663,0.3418581884494961
0.3474285714285715,2.171428571428572,0.0573300979900511,0.0119743647383206,0.5600177028970954,1.94807370167168,2.952315959683129,0.0196796072820746,0.3235887277116974,343.0588403862822,149.56065834793736,1.6494731694631473,0.694754762694445,1092.541681230723,36.52128817218056,0.3566191308101585
0.3540840336134454,2.2130252100840337,0.0552649473974143,0.0130425906735267,0.59022652514846,1.993179293576781,2.993283594963389,0.019313212397669,0.3301526481013249,350.3553161854955,148.86255189638797,1.6188908702991047,0.6731607336431292,1100.1227111635149,39.18049590975261,0.3711337311209447
0.3607394957983193,2.254621848739496,0.0530931994139614,0.0141844969025709,0.6214868602465438,2.038420463794468,3.03437662560127,0.0188811409562392,0.3367414465812939,357.702943701048,148.02235339750848,1.5826500503752154,0.6477052760246158,1107.9112992570667,41.96433849526443,0.385336375148905
0.3673949579831933,2.2962184873949583,0.0508288440188349,0.0154031515308381,0.6538010306530813,2.083730591969114,3.075579263247179,0.0183866185405301,0.3433492992331821,365.1030740465304,147.0403656264606,1.5410683578970272,0.6186847661871965,1115.8981804732955,44.87220531405501,0.3991701998403992
0.3740504201680673,2.3378151260504203,0.0484867119936073,0.0166968936213405,0.6870730521697452,2.129042301061979,3.1168836445454806,0.0178336522001397,0.3499712878933636,372.5569943352282,145.91739953683532,1.494527296907944,0.5864505895635757,1124.073443310827,47.90306118436433,0.4125889165122854
0.3807058823529411,2.3794117647058823,0.0460832457618663,0.0180689965825655,0.7213149892788563,2.1742797244005936,3.158276206405937,0.0172271573228755,0.3565997517428677,380.0659241565343,144.6555556181637,1.443497061631856,0.5514245345230658,1132.4267630853938,51.05551718055756,0.4255580948854385
0.3873613445378152,2.421008403361345,0.0436356291142024,0.019520740698615,0.7564977399912375,2.219366015148428,3.1997480481134795,0.0165728016471768,0.3632269625272488,387.6310136194488,143.2578043629824,1.3885083301508538,0.5140766825120046,1140.9476468465905,54.32791368550795,0.438055774475045
0.3940168067226891,2.462605042016807,0.0411616451175803,0.0210531225316817,0.7925887778239822,2.2642231127894927,3.241292744674227,0.0158769324279355,0.3698445901832788,395.25334303995686,141.72811373092793,1.3301457629829765,0.4749181562919428,1149.6256752148474,57.71841038584768,0.4500722751555314
0.400672268907563,2.504201680672269,0.0386794053460927,0.0226672170627653,0.8295591390301176,2.3087731616360947,3.282905964039838,0.0151464738945045,0.3764436697227,402.933924188765,140.0714920094231,1.2690364354186727,0.43449005365131,1158.4507242922978,61.22507638892341,0.4616091284784032
0.407327731092437,2.545798319327732,0.0362072666964876,0.024365633325558,0.8674085032792922,2.3529401573948863,3.3245832392971533,0.0143888739794067,0.3830140589739004,410.6737029082893,138.2942224454141,1.2058438437449508,0.3933557490495353,1167.4131525117118,64.84597356097703,0.4726771550114025
0.413983193277311,2.5873949579831934,0.0337627180529095,0.0261482444357645,0.9060881163167676,2.39665350987089,3.366326447972539,0.0136117186477937,0.3895465408994037,418.47356281995,136.4030960563203,1.1412260315977802,0.3520698880324277,1176.5039354735077,68.57922471889111,0.4832937245528029
0.4206386554621849,2.6289915966386554,0.0313632304721619,0.0280190665954744,0.9456218585643148,2.4398488922669967,3.4081329141589447,0.01282294312033,0.3960298098418289,426.3343297252245,134.40651083162996,1.07586010472701,0.3111907493007769,1185.7147362962935,72.42305939812542,0.4934793705210641
0.4272941176470589,2.670588235294118,0.0290248052003114,0.0299801713478799,0.985997975111532,2.4824724175856367,3.4500044586744565,0.0120303105895986,0.4024534561944602,434.2567762357249,132.31327250326484,1.010387625734618,0.2712420476090052,1195.037902101399,76.37583064630229,0.5032539829312818
0.4339495798319328,2.71218487394958,0.0267622250319212,0.0320349105202753,1.027224594528545,2.524483059194841,3.4919418704638376,0.0112414202743128,0.4088066235973928,442.241626128461,130.1330003680027,0.9454181340257342,0.2327131012097738,1204.466382521355,80.43599812394706,0.5126328795174085
0.4406050420168067,2.753781512605042,0.0245886967670896,0.0341875056178525,1.0693209084119155,2.5658562543744803,3.533944893046426,0.0104635196261266,0.4150783350414763,450.28955790456814,127.87585606186092,0.8815118074768664,0.1960466612231018,1213.993572822947,84.60207553486748,0.5216231192003562
0.4472605042016807,2.7953781512605045,0.0225153431904669,0.0364416406553034,1.112294694478524,2.606586339423016,3.576013846514101,0.009703248272512,0.4212583493557412,458.4012070775975,125.55189835663168,0.8191563326429934,0.1616256524915793,1223.6130909556764,88.87254351082186,0.5302204521287612
0.4539159663865546,2.8369747899159665,0.020551461593019,0.0388025337000123,1.1561740142898804,2.6466914736211526,3.618145517571654,0.0089666618155583,0.4273362149883082,466.5771668012263,123.1712467488595,0.7587710055895821,0.1297778724235842,1233.31850476839,93.24573263568992,0.5384073469071174
0.4605714285714286,2.878571428571429,0.018704206648229,0.041275686541273,1.2009869051353133,2.6862173416390647,3.660334465415174,0.0082590486903751,0.4333019779654728,474.8179865824517,120.74332986084106,0.7006895950765127,0.1007715122175116,1243.1030317044183,97.71968483327464,0.5461526377706252
0.4672268907563026,2.920168067226891,0.0169784134605736,0.0438657797559701,1.2467459610299887,2.7252406243081,3.7025743222112304,0.0075847941310916,0.4391468247392282,483.1241690098885,118.2759135497856,0.645145972702071,0.0748181873774744,1252.9592328555605,102.2920022233988,0.5534138720469809
0.4738823529411765,2.961764705882353,0.0153772923008326,0.0465796438829874,1.293490425951091,2.763881377093826,3.744852100694074,0.0069476003134523,0.4448614813852919,491.496164649329,115.7751145304728,0.5922884571970728,0.0520976249838597,1262.8786495462732,106.9596593267188,0.5601484775071495
0.4805378151260504,3.003361344537815,0.013901893370505,0.0494219110337214,1.341225331868512,2.8023103569014283,3.7871554884155247,0.0063502280501875,0.4504384899283644,499.9343655668509,113.24248359598124,0.5421376282573577,0.0327724222499247,1272.8515978055827,111.7188785419234,0.5663380472715912
0.4871932773109244,3.0449579831932776,0.0125522497237162,0.0523984636503515,1.3899698775267988,2.840786038271201,3.829466847594258,0.0057949355998122,0.4558701624792401,508.4390984193864,110.6728783686229,0.4945798452628764,0.0170613772724717,1282.870524296122,116.56670631376818,0.5718810716210512
0.4938487394957983,3.08655462184874,0.011328479414534,0.0555160053874664,1.439749889721282,2.87974905153479,3.8717649232384015,0.0052839679182472,0.4611482622951088,517.0106194173236,108.04515695710002,0.4492544179903205,0.0054173809653138,1292.9262655635482,121.49925500739609,0.5766051657144942
0.5005042016806722,3.128151260504201,0.0102397901495934,0.0587833114428473,1.4906090161984422,2.920562149065804,3.9140338507688672,0.0048237901139641,0.4662591172008594,525.6491233564024,105.25228102994296,0.4045728006519222,0.0,1303.0044829387011,126.50989451150645,0.5803245910071514
0.5071596638655462,3.169747899159664,0.0092748779038852,0.0622036552249813,1.5425251728874567,2.9634917115381167,3.956240829682904,0.0044112476722004,0.4712012313182359,534.3547735721017,102.28607769466856,0.360857814072123,0.0,1313.085267577213,131.58890413867368,0.5828862560721505
0.5138151260504202,3.211344537815126,0.0083944624369246,0.0657643237528051,1.595299319371264,3.006245918554713,3.9983447852348326,0.0040295469772015,0.4759948747745505,543.1274808098799,99.37240576451208,0.3214641773528859,0.0,1323.145094213417,136.72430950304442,0.5842024385033221
0.5204705882352941,3.252941176470588,0.0075944664362534,0.0694666457759088,1.6488996215824794,3.0489000351228115,4.0403177050528445,0.0036781158517999,0.480637126393774,551.9669922930154,96.522977307578,0.2861485290135339,0.0,1333.1601795051383,141.90352140830498,0.5842681902485343
0.5271260504201681,3.2945378151260507,0.006870128867483,0.0733096247320998,1.703269981968659,3.0915297112297475,4.082133862981261,0.0033559386689974,0.4851266988083542,560.8729426636779,93.74750315292152,0.2546283681608701,0.0,1343.1100451593825,147.1152081965255,0.5831593955224644
0.533781512605042,3.3361344537815127,0.0062163481011334,0.0772911106593787,1.7583456792142966,3.134210946957292,4.123768001572789,0.0030617065168459,0.4894632401295092,569.8448533146684,91.05418831936356,0.2266036404128514,0.0,1352.9789519110611,152.35015995305605,0.5809939592724239
0.540436974789916,3.3777310924369752,0.0056280598068798,0.0814099016924506,1.814076935958464,3.177025442029353,4.165191180740367,0.0027939943133244,0.4936460594879791,578.882133729517,88.45084180966634,0.2017781976177987,0.0,1362.7508815015333,157.59869865231303,0.5778226292252231
0.5470924369747899,3.419327731092437,0.0050998946782256,0.0856614441387261,1.870382353759326,3.2200437023975104,4.206380657737387,0.0025511086297355,0.4976766001164189,587.984084876831,85.94259308978666,0.1798453901972078,0.0,1372.409895189073,162.8508668578835,0.5736844663972905
0.5537478991596639,3.4609243697479,0.0046266748810932,0.0900413111899112,1.927188052924955,3.2633345837864,4.247312884010224,0.0023313246211617,0.5015563876295074,597.149904589645,83.53374538703281,0.1605138146395945,0.0,1381.9410012572453,168.096910254636,0.5686339572394066
0.5604033613445379,3.5025210084033622,0.0042033601794639,0.0945439525912239,1.9844144387232137,3.306959076499022,4.287966751412872,0.0021328715968957,0.5052877409207216,606.3786947472875,81.2271427374385,0.1435054415878612,0.0,1391.3304071677155,173.32744332111713,0.5627391048063441
0.5670588235294118,3.544117647058824,0.0038251579403694,0.0991632021785754,2.041981858287876,3.3509706780832174,4.328322922167839,0.0019539956947515,0.508873459069868,615.6694699898462,79.02449178845245,0.1285610874023579,0.0,1400.5657263915991,178.53359784034217,0.5560789823667793
0.5737142857142857,3.585714285714286,0.0034875135810093,0.1038916919225819,2.0998050383946736,3.3954112186914207,4.368365683854457,0.0017929660880303,0.5123171718032427,625.0211676373079,76.92607536467155,0.1154399129672239,0.0,1409.6361329666404,183.7071484731009,0.5487409554059525
0.5803697478991597,3.627310924369748,0.0031862592824154,0.1087223859812571,2.1578081427009037,3.440317168264854,4.408079629360962,0.001648158136563,0.5156224060196594,634.4326584535567,74.93169024069093,0.1039256546696154,0.0,1418.532460991938,188.84061169891768,0.5408177819759468
0.5870252100840336,3.66890756302521,0.0029175472737629,0.1136477894409221,2.2159165601004704,3.485715524018898,4.447451812642076,0.0015180322097584,0.5187930604021319,643.9027578852019,73.04026109149974,0.0938229017035712,0.0,1427.247250092261,193.92731652901057,0.5324047749492203
0.5936806722689076,3.710504201680673,0.002677777990356,0.1186589218006934,2.274047503027996,3.531617354853116,4.486474684529445,0.0014011076054135,0.5218340561981546,653.4302374330471,71.24927770277795,0.0849533235657841,0.0,1435.7747408878188,198.9614472173412,0.5235971767690631
0.6003361344537816,3.7521008403361353,0.0024637989156475,0.123748288146892,2.3321371585365345,3.578033876893422,4.525138751200648,0.001296070493866,0.5247494950085377,663.0138358380774,69.55661495048071,0.0771633658113917,0.0,1444.110826819469,203.93805976541432,0.514487856381201
0.6069915966386555,3.793697478991597,0.00227264279388,0.1289063704881347,2.390108322602768,3.6249567150560007,4.563441735702464,0.0012016519525567,0.5275448610466119,672.6522698211882,67.95848693949443,0.0703122664765081,0.0,1452.2529699769816,208.8530750957708,0.5051653970286328
0.6136470588235294,3.835294117647059,0.0021017901705723,0.13412600609814,2.44790905606626,3.6723837932538106,4.601377225133718,0.0011167673533814,0.5302242623162776,682.3442441622533,66.45214164838617,0.0642822539021497,0.0,1460.2000891508587,213.7032524738288,0.4957126016566391
0.6203025210084034,3.8768907563025214,0.0019488894773445,0.1393984197791268,2.5054770424923927,3.7202961341387537,4.63894514922526,0.0010403821590929,0.5327929476357304,692.088460963262,65.03350029669275,0.058966120133659,0.0,1467.9524283194307,218.48614713650068,0.4862054162025984
0.6269579831932773,3.918487394957984,0.0018118692297103,0.1447153738238139,2.5627582115222896,3.768671061051852,4.6761461470353645,0.0009715741513733,0.5352559501322645,701.8836279901221,63.69850024619127,0.054271237790921,0.0,1475.511413075782,223.20005602590905,0.4767122403138218
0.6336134453781513,3.960084033613446,0.001688951798076,0.1500700376933175,2.6197130644459983,3.817489006422447,4.712979023019808,0.0009095462323611,0.5376175055148982,711.7284660385295,62.44369000949897,0.0501194157216996,0.0,1482.879501698778,227.84395537269688,0.4672935838521589
0.6402689075630253,4.0016806722689084,0.0015784678516114,0.155453968377254,2.6762912857102963,3.8667139433389823,4.749449105455545,0.0008535352841281,0.5398830297696556,721.6217153049821,61.2643686425479,0.0464389595831985,0.0,1490.0600363814349,232.41743342621487,0.458002014534496
0.6469243697478992,4.0432773109243705,0.0014790403369212,0.1608610781303416,2.732463795872081,3.916320783045488,4.785557052167475,0.0008029109767383,0.542056507184722,731.5621407821246,60.15711250216731,0.0431715297962829,0.0,1497.0570990579793,236.9206211960052,0.4488823399581395
0.6535798319327732,4.0848739495798325,0.0013893595359878,0.1662835883169918,2.7881896927635896,3.96626808895629,4.821310237286138,0.000757062333807,0.5441431698935681,741.5485367188835,59.11723656829055,0.0402628854775656,0.0,1503.8753750765811,241.35412349923365,0.439971968933584
0.6602352941176471,4.126470588235295,0.0013083682587781,0.1717162808698204,2.843449579631947,4.016528645906984,4.856710429901216,0.0007154970723312,0.5461466478404415,751.5797302071938,58.14153449432524,0.0376697949804246,0.0,1510.5200270640578,245.71895216834295,0.4313014012181968
0.666890756302521,4.168067226890757,0.0012350777547478,0.1771529896247384,2.898217541812057,4.06706509883329,4.891763811736758,0.0006777477632071,0.5480713173072194,761.6545839679738,57.226051911070094,0.0353525995117895,0.0,1516.9965803386149,250.0164627251679,0.4228947998784667
0.673546218487395,4.209663865546219,0.0011686183576963,0.1825879590238616,2.9524716748899618,4.117839979717324,4.926476980657261,0.0006434001196966,0.5499213890258449,771.7719984149163,56.36696948647352,0.0332769792221697,0.0,1523.3108205952262,254.24829546813896,0.4147706099136521
0.6802016806722689,4.251260504201681,0.0011082485375714,0.1880164300714984,3.006198074766744,4.168820723416247,4.960855043062516,0.000612099618979,0.5517004893246567,781.930913080073,55.56100950687344,0.031414099847754,0.0,1529.468703968028,258.4163215327561,0.4069421915506115
0.6868571428571429,4.292857142857144,0.0010533162964973,0.1934340543781619,3.059386050902567,4.219975835420766,4.994903212716763,0.000583532573587,0.5534120483620983,792.1303074811925,54.80507248555519,0.0297389830180002,0.0,1535.4762791566052,262.5225942054926,0.3994184459929308
0.693512605042017,4.334453781512606,0.0010032101537274,0.198835867645058,3.112020582486309,4.271267175000196,5.028629891930986,0.0005574010418419,0.5550600234538611,802.3692015098484,54.0955582148603,0.0282285464650124,0.0,1541.339621004931,266.5693055507063,0.3922044159344356
0.7001680672268908,4.376050420168068,0.0009574197848795,0.2042180589731996,3.1640950555820373,4.322663960755288,5.0620411509911705,0.0005334562123312,0.5566476473704671,812.646655413911,53.42955610902959,0.0268637960266856,0.0,1547.064774685146,270.5587482168487,0.3853018488278142
0.7068235294117647,4.41764705882353,0.0009155109002144,0.20957760872269,3.2156082216136337,4.37414048894994,5.09514165541668,0.0005114860014643,0.5581776583272507,822.9617694410234,52.8046269563126,0.0256287890217811,0.0,1552.6577095763575,274.4932822054435,0.3787097162202687
0.7134789915966387,4.459243697478992,0.0008770614813264,0.2149107059945421,3.266552987469205,4.4256637233316,5.127939564680128,0.0004912813559511,0.55965343644438,833.3136832052604,52.21773245838652,0.0245081926641121,0.0,1558.12428181524,278.3753062631431,0.3724246844822646
0.7201344537815126,4.500840336134454,0.0008417326190349,0.2202148686393587,3.316931191450137,4.477210435256733,5.160439758602164,0.000472675069758,0.5610774645695823,843.7015748305216,51.666688596569465,0.0234898838557486,0.0,1563.4702045314857,282.20723353571464,0.3664415361523354
0.7267899159663866,4.542436974789917,0.0008092040622941,0.2254872823203456,3.366741925394268,4.528754071803735,5.192649009147333,0.0004555074669994,0.5624525255302945,854.1246599188859,51.14903682591833,0.0225625059475918,0.0,1568.7010248083143,285.9914710964209,0.3607535420522024
0.7334453781512607,4.584033613445379,0.0007791896535032,0.2307253380038104,3.415985276282256,4.580269173282261,5.224574220059031,0.0004396351229221,0.5637813102470565,864.5821903853287,50.66241412463995,0.0217160172910156,0.0,1573.822106405688,289.73040291478173,0.3553527870561456
0.7401008403361345,4.625630252100841,0.0007514588945418,0.2359274232182535,3.464667503538492,4.631738085694776,5.2562197451869705,0.000424943058493,0.5650658130954732,875.0734531945913,50.20511996670995,0.0209424691353463,0.0,1578.838617472783,293.42637592581764,0.3502304514841519
0.7467563025210084,4.667226890756303,0.0007257753603821,0.2410911342330852,3.5127890626381504,4.683136305051069,5.287593169661537,0.0004113113966682,0.5663086671538453,885.5977690305665,49.77486183122751,0.020233700549386,0.0,1583.755522409033,297.0816887743183,0.3453770529288053
0.7534117647058824,4.708823529411765,0.0007019723943715,0.2462157282547032,3.5603607697995074,4.734452930917501,5.318697155187848,0.0003986570992342,0.5675112812839281,896.1544909229775,49.37050216081492,0.0195841393495118,0.0,1588.5775772460197,300.69858292870686,0.3407826512067672
0.7600672268907563,4.750420168067227,0.0006798400441473,0.2512985962494155,3.6073807179781614,4.785661313943571,5.349541105647677,0.0003868720867868,0.5686765276311364,906.7430028545134,48.989538383720536,0.0189865900947067,0.0,1593.3093279157074,304.27923582513495,0.3364370206412554
0.7667226890756303,4.79201680672269,0.0006592615573235,0.2563397382172218,3.65386330607541,4.836756582290912,5.380126151004043,0.0003758985430158,0.5698052971297631,917.3627183627168,48.63132876264014,0.0184373045960561,0.0,1597.9551108670748,307.82575574648433,0.3323297938364313
0.7733781512605044,4.833613445378152,0.0006400564169011,0.2613366720087253,3.699806468941337,4.887712924589876,5.410462227521815,0.0003656425196256,0.5709004364861979,928.013079154391,48.29340587866548,0.0179301347116399,0.0,1602.5190555875022,311.34017818832785,0.328450579994259
0.7800336134453782,4.875210084033614,0.0006221342784308,0.2662896029270284,3.745224683422437,4.938527194150887,5.440550533441082,0.0003560591264069,0.5719627131248662,938.693553740631,47.9752511406745,0.0174622657214432,0.0,1606.9947814917764,314.8164680623414,0.3250778374268291
0.7866890756302521,4.916806722689076,0.0006053750859118,0.2711974559911313,3.790123719342816,4.9891854636528645,5.470396949641,0.0003470863569279,0.5729939133063852,949.4036361029098,47.67539565961038,0.0170297458562391,0.0,1611.355608078513,318.232039750214,0.3196217601077579
0.793344537815126,4.958403361344538,0.0005896633181231,0.276059029335739,3.8345081016502656,5.039672741047297,5.50000813704907,0.0003386640546624,0.5739959507224094,960.142844397198,47.39225417437103,0.0166287578410412,0.0,1615.7080327243266,321.6689870702677,0.3134809721478599
0.8,5.0,0.000574933656446,0.280874655148249,3.878391295249395,5.089987155977574,5.529385697024463,0.0003307594911669,0.5749695163902339,970.910719700265,47.12538492412919,0.0162573371780823,0.0,1620.102442776964,325.1666290747446,0.30632082808859
0.8533333333333333,5.333333333333333,0.0004836621988628,0.3177584502648127,4.212870303912595,5.486004675241243,5.756925646371136,0.0002815781957124,0.5818978775783139,1058.1854108696298,45.45425404067759,0.0140709715127176,0.0,1651.9032103534412,351.4346360231277,0.2951925468964468
0.9066666666666668,5.666666666666667,0.0004234705988316,0.3516277776368277,4.519863255285024,5.867987462051491,5.971794097920616,0.0002489403597647,0.5876085412495115,1147.0944263362362,44.372364806790905,0.0127783133198097,0.0,1681.1901022492975,377.1904668550085,0.2878160765367573
0.96,6.0,0.0003808004758661,0.3826386566457723,4.80334397127959,6.235567448052498,6.175567412732674,0.0002256878335974,0.5924412017864611,1237.5079960229446,43.6528697396927,0.0119694037121525,0.0,1708.6007343734414,402.7648161966399,0.2827581292112263
1.0133333333333332,6.333333333333332,0.0003486998892402,0.4110239977799543,5.066698410627592,6.589382021155947,6.369519231435145,0.0002081142116291,0.5966209013713504,1329.3317367535071,43.16104548850383,0.0114389925327108,0.0,1734.5230791018223,428.3396346641512,0.2791983109877823
1.0666666666666669,6.666666666666666,0.000323372751841,0.4370364418511193,5.312737120410921,6.930493296036599,6.554694822162745,0.0001941835466504,0.6003002784788223,1422.4940422164236,42.81557544771874,0.0110771007739176,0.0,1759.021765735854,453.810142643825,0.2762806115628055
1.12,7.000000000000001,0.0003026028771632,0.4609200098552976,5.543768228329402,7.260079380672743,6.731971731019073,0.0001827024147636,0.6035868865473032,1516.938312334211,42.56524392636546,0.0108202860203501,0.0,1782.5784592641892,479.5594477133711,0.2750567071017433
1.1733333333333331,7.333333333333333,0.0002850315636251,0.4828993085585621,5.761690706469585,7.579297435757192,6.902096245694057,0.0001729376218629,0.6065585403360908,1612.6181177026097,42.37696357217197,0.0106300918545401,0.0,1805.346045827147,505.6616302321145,0.2749057395969449
1.2266666666666666,7.666666666666666,0.000269792160647,0.5031761773287462,5.968076125857543,7.889224334027073,7.065709383515484,0.0001644213850307,0.6092728010917072,1709.4941371000227,42.22897748122793,0.0104823702629342,0.0,1827.433707627843,532.1630759365994,0.2754306822511487
1.28,8.0,0.0002563175183873,0.521929923702525,6.164235669373099,8.190836071640469,7.2233655201011855,0.0001568483015319,0.611772849359236,1807.5321766693744,42.10705549567695,0.0103618274262852,0.0,1848.9219473202595,559.0918693112562,0.2763758076264013
1.3333333333333333,8.333333333333332,0.0002442007591447,0.5393177120518511,6.351266681054115,8.484998750476349,7.375552910105352,0.0001499986192552,0.6140930519782765,1906.701859486829,42.00047459903539,0.0102573064400202,0.0,1869.8719601119224,586.4638521585437,0.2775749881328838
1.3866666666666665,8.666666666666666,0.000233176702232,0.5554786631187182,6.530102889681016,8.772484891810146,7.522696184819317,0.0001437308002426,0.6162591896751347,2006.975738283824,41.902973529991314,0.0101623841890617,0.0,1890.3316305625865,614.2866191350374,0.2789194997368368
1.44,9.0,0.0002230402727213,0.5705343383548365,6.701537896342151,9.05397356740454,7.66517392179612,0.0001379349191487,0.6182926178498866,2108.3286804341865,41.80945468748279,0.0100719593023553,0.0,1910.339452789728,642.5621942559428,0.2803378427724093
1.4933333333333332,9.333333333333332,0.0002136425100248,0.5845917468603116,6.8662543743391335,9.330065109678085,7.803321971700476,0.0001325316337494,0.6202104597215186,2210.73743152918,41.71646810086877,0.0099826486963434,0.0,1929.9271435858047,671.2888455111088,0.2817829482546265
1.5466666666666666,9.666666666666666,0.000204878786199,0.5977454434071159,7.024844551955207,9.601290501079273,7.937438541407229,0.0001274660977939,0.6220262480992002,2314.1802983527687,41.6221115283955,0.0098926307304487,0.0,1949.121416779109,700.4623271363071,0.2832239578914626
1.6,10.0,0.0001966511547994,0.6100781242127444,7.177820739497492,9.868118445992517,8.067794999568655,0.0001226857394482,0.6237523155201607,2418.636913199748,41.52393655942888,0.0097996175998703,0.0,1967.945209902287,730.0767367415824,0.2846408708208768
1.653333333333333,10.333333333333332,0.0001888947208814,0.6216634796148557,7.325634240900158,10.13096611870617,8.194632874150763,0.0001181567420767,0.6253982236280283,2524.0880546418475,41.42093858615315,0.0097027416642508,0.0,1986.4185473510347,760.1251102844999,0.2860210119729802
1.7066666666666666,10.666666666666666,0.0001815554088062,0.6325667601705087,7.468682145799379,10.390204476586424,8.31817099394208,0.0001138508664597,0.6269722117758719,2630.5155081918247,41.31229559778405,0.0096013364757197,0.0,2004.55915847975,790.5998367617235,0.2873566742840421
1.76,11.0,0.0001745981061899,0.642846341164965,7.607317690614444,10.646163583969273,8.43860577730964,0.0001097507003144,0.6284806888493472,2737.9019556773146,41.19814032709325,0.0094956447511856,0.0,2022.382927986352,821.4929478035347,0.2886435276939748
1.8133333333333328,11.333333333333332,0.0001679741595048,0.6525534528593608,7.741851406290564,10.899140397277556,8.556120614170682,0.0001058298356682,0.6299305756460241,2846.230885649283,41.077163944812455,0.0093845924985497,0.0,2039.9042298146735,852.796319746863,0.2898795355781252
1.8666666666666667,11.666666666666666,0.0001616667073242,0.661734881374663,7.872565360679669,11.149398647218694,8.670877103551378,0.0001020809214708,0.6313261405124916,2955.4865194752592,40.95023590317786,0.0092691269026315,0.0,2057.13617899191,884.5018140644497,0.2910642108908143
1.92,12.0,0.0001556363641435,0.6704315286037936,7.999707948516125,11.397179682736544,8.783029272076266,9.848225015893848e-05,0.6326729828305573,3065.653749335528,40.81610986380232,0.0091482745896149,0.0,2074.090824816639,916.601374114096,0.2921981023737722
1.9733333333333327,12.333333333333332,0.0001498791218354,0.6786813666146896,8.123508559059307,11.642694916903428,8.89271106241751,9.503367041294492e-05,0.6339737362099329,3176.7180854057187,40.67631544167804,0.0090235765710632,0.0,2090.7793015454968,949.0870908048846,0.2932824379502569
2.0266666666666664,12.666666666666664,0.0001443600646777,0.6865173192124527,8.244168714518587,11.886143390191656,9.00005359125596,9.171554361630028e-05,0.6352331841858128,3288.6656102542543,40.52948843623558,0.0088939825302718,0.0,2107.211947830559,981.9512460403508,0.294318876710615
2.08,13.0,0.000139071418621,0.6939700500150079,8.361875560349972,12.127699523416936,9.105171950199772,8.852484011265275e-05,0.636453771128671,3401.482938990528,40.37649911372053,0.0087604396098385,0.0,2123.3984029049725,1015.1863403296264,0.2953093361016506
2.1333333333333333,13.333333333333332,0.000133989688142,0.7010666397612226,8.476796340627965,12.367527932756026,9.208176818117094,8.544850712244297e-05,0.6376390533356026,3515.1571840766087,40.216588672592486,0.0086224685968939,0.0,2139.3476851631995,1048.7851090038375,0.2962558720250791
2.1866666666666665,13.666666666666666,0.000129121581319,0.7078327753808074,8.58908891419362,12.6057665027083,9.309163348909664,8.249220566131096e-05,0.6387898389616399,3629.675923967594,40.05185427151291,0.0084820462268476,0.0,2155.068257293216,1082.7405303687765,0.2971605958779904
2.24,14.000000000000002,0.0001244368129,0.7142903401775684,8.698891024686834,12.842557825802542,9.408229571177896,7.96382708420754e-05,0.6399099997314046,3745.027174952564,39.88057611893834,0.008337871753248,0.0,2170.5717818180315,1117.053870172259,0.2979651565327162
2.293333333333333,14.33333333333333,0.0001199417956554,0.7204606430255951,8.806335475487243,13.078015248711155,9.505457407300542,7.689191757713634e-05,0.6410000334103914,3861.199365680124,39.704709052351305,0.0081917549990266,0.0,2185.859001716927,1151.70397015487,0.2987056931826897
2.3466666666666667,14.666666666666666,0.0001156146916255,0.7263620153179611,8.911539295639521,13.312258249661625,9.600930815545828,7.42404871203211e-05,0.6420628969000644,3978.1813139972624,39.52312254927971,0.008042910126756,0.0,2200.9368348481744,1186.683711070249,0.2993856961612867
2.4,15.0,0.000111455710691,0.7320120466749116,9.014614270169382,13.545384270531365,9.694722439628812,7.168509070673938e-05,0.6430994028895054,4095.962205764688,39.33700628522275,0.0078924665756951,0.0,2215.811844883425,1221.986227212869,0.3000084658382785
