model,momentum_mode,parameter_name,parameter_value,a,b,K0,n,n_over_n0,eps_raw,eps,mu_b,pressure,dP_dn,d2eps_dn2,vs2,quark_fraction,n_q,n_n,k_bu,k_f
tvm,quarkyonic,,,349.00932637089204,4.280134137208359,564.2212815200054,1.6e-07,1e-06,0.000150080023281991,9.869478877195251e-05,938.7655377393553,5.150769726634433e-05,-1.2970857223402094e-05,-81.06785764626309,-1.3816929469564107e-08,1.0,1.6e-07,0.0,0.003744633115460174,0.003744633115460174
tvm,quarkyonic,,,349.00932637089204,4.280134137208359,564.2212815200054,0.0036531273059360733,0.022832045662100457,3.428542628611567,3.428819654885888,938.3615131645406,-0.000865588305012821,-0.5891033320755718,-161.2600062194166,-0.0006277999724102848,0.0009622333977032827,3.5151610998335074e-06,0.00364961214483624,0.01755173982404601,0.38004863309768816
tvm,quarkyonic,,,349.00932637089204,4.280134137208359,564.2212815200054,0.007306094611872146,0.04566309132420091,6.85554557572825,6.855527349489687,937.6586889908364,-0.004904254078637926,-1.5635710060479624,-214.0091374545321,-0.0016675268137607403,0.0,0.0,0.007306094611872146,0.0,0.48152979404600516
tvm,quarkyonic,,,349.00932637089204,4.280134137208359,564.2212815200054,0.01095906191780822,0.06849413698630137,10.279501096923422,10.279258828762382,936.7751422182479,-0.013082042129003213,-2.7375116913086153,-249.7943447933461,-0.0029222719177051304,0.0,0.0,0.01095906191780822,0.0,0.5542058339660758
tvm,quarkyonic,,,349.00932637089204,4.280134137208359,564.2212815200054,0.014612029223744293,0.09132518264840182,13.699819508019587,13.699462368568879,935.7783426628184,-0.025841878632775206,-4.009931044803227,-274.4267057916336,-0.004285129140083223,0.0,0.0,0.014612029223744293,0.0,0.6133439690654506
tvm,quarkyonic,,,349.00932637089204,4.280134137208359,564.2212815200054,0.018264996529680364,0.11415622831050228,17.116194584385468,17.115809353509167,934.7098203703064,-0.04333772818736392,-5.321490522366523,-291.34911215116716,-0.0056932006130611685,0.0,0.0,0.018264996529680364,0.0,0.6644002664483865
tvm,quarkyonic,,,349.00932637089204,4.280134137208359,564.2212815200054,0.02191796383561644,0.13698727397260274,20.528454812746237,20.528255659848313,933.5456666432069,-0.06683549946606249,-6.706293020507937,-305.97244665630336,-0.007183679663601314,0.0,0.0,0.02191796383561644,0.0,0.7100376899840481
tvm,quarkyonic,,,349.00932637089204,4.280134137208359,564.2212815200054,0.02557093114155251,0.1598183196347032,23.9365072888821,23.93637666737796,932.3801567582311,-0.09454788116329738,-7.9814359738117355,-312.12926622143925,-0.008560280821035689,0.0,0.0,0.02557093114155251,0.0,0.7517791975533756
tvm,quarkyonic,,,349.00932637089204,4.280134137208359,564.2212815200054,0.029223898447488583,0.18264936529680365,27.34031094771948,27.340215894520497,931.212427718144,-0.12655847384615626,-9.178369133799096,-314.0706620744454,-0.009856364520703296,0.0,0.0,0.029223898447488583,0.0,0.7905870300809585
tvm,quarkyonic,,,349.00932637089204,4.280134137208359,564.2212815200054,0.032876865753424654,0.2054804109589041,30.73986192067032,30.739787815245776,930.049119689772,-0.16268776311436284,-10.29769343310437,-313.2200468967058,-0.011072203838587877,0.0,0.0,0.032876865753424654,0.0,0.8271126678629637
tvm,quarkyonic,,,349.00932637089204,4.280134137208359,564.2212815200054,0.03652983305936073,0.22831145662100455,34.13518477817178,34.13512396170702,928.8964504406817,-0.20269169767617257,-11.33524603725698,-310.3010632114656,-0.012202916731869712,0.0,0.0,0.03652983305936073,0.0,0.8618203054145274
tvm,quarkyonic,,,349.00932637089204,4.280134137208359,564.2212815200054,0.0401828003652968,0.251142502283105,37.526326955254554,37.526274986781594,927.7598235513616,-0.24628721007425014,-12.285389701457163,-305.7375192811906,-0.013241993659986327,0.0,0.0,0.0401828003652968,0.0,0.8950540024842084
tvm,quarkyonic,,,349.00932637089204,4.280134137208359,564.2212815200054,0.04383576767123287,0.27397354794520545,40.913355040809336,40.913309155296915,926.6439600447798,-0.2931598088227503,-13.141875802902709,-299.79800745059237,-0.014182227877757528,0.0,0.0,0.04383576767123287,0.0,0.9270769420192595
tvm,quarkyonic,,,349.00932637089204,4.280134137208359,564.2212815200054,0.04748873497716894,0.2968045936073059,44.29635222688498,44.296310607211055,925.553064421132,-0.34296642360934726,-13.89811382090674,-292.66127698681606,-0.01501600972992189,0.0,0.0,0.04748873497716894,0.0,0.9580957163378085
tvm,quarkyonic,,,349.00932637089204,4.280134137208359,564.2212815200054,0.051141702283105016,0.31963563926940636,47.67541651635243,47.67537791550417,924.4909600127228,-0.3953364751115558,-14.547255005839627,-284.4499568143121,-0.015735421583397018,0.0,0.0,0.051141702283105016,0.0,0.9882760510957029
tvm,quarkyonic,,,349.00932637089204,4.280134137208359,564.2212815200054,0.054794669589041084,0.3424666849315068,51.05065944691427,51.0506229776064,923.4611916339904,-0.4498721037197484,-15.082209384538917,-275.24957258899786,-0.016332261194270826,0.0,0.0,0.054794669589041084,0.0,1.017753374688132
tvm,quarkyonic,,,349.00932637089204,4.280134137208359,564.2212815200054,0.058447636894977166,0.36529773059360726,54.42220517907087,54.422170189933055,922.4671026987583,-0.5061479238344191,-15.495637027766813,-265.11999202996805,-0.016798037547824708,0.0,0.0,0.058447636894977166,0.0,1.0466401498600681
tvm,quarkyonic,,,349.00932637089204,4.280134137208359,564.2212815200054,0.06210060420091324,0.38812877625570774,57.79018984851714,57.79015584788704,921.5118936793917,-0.56371047206909,-15.779929094772708,-254.1026661144893,-0.01712395597170967,0.0,0.0,0.06210060420091324,0.0,1.0750310974447168
tvm,quarkyonic,,,349.00932637089204,4.280134137208359,564.2212815200054,0.06575357150684931,0.41095982191780817,61.154761115942236,61.15472772317511,920.5986671120359,-0.6220774361136918,-15.927184883637128,-242.22539580193072,-0.017300899352376324,0.0,0.0,0.06575357150684931,0.0,1.1030070052351875
tvm,quarkyonic,,,349.00932637089204,4.280134137208359,564.2212815200054,0.06940653881278538,0.43379086757990865,64.51607786788308,64.51604478124466,919.7304628688654,-0.6807367128356887,-15.929187431473657,-229.50557258647424,-0.017319408320766724,0.0,0.0,0.06940653881278538,0.0,1.1306375617158442
tvm,quarkyonic,,,349.00932637089204,4.280134137208359,564.2212815200054,0.07305950611872146,0.4566219132420091,67.87431003587908,67.87427701078737,918.9102863257158,-0.7391453244176489,-15.777378674247633,-215.95244085840716,-0.017169661618800514,0.0,0.0,0.07305950611872146,0.0,1.1579835020153677
tvm,quarkyonic,,,349.00932637089204,4.280134137208359,564.2212815200054,0.07671247342465753,0.4794529589041096,71.22963851031741,71.22960534424125,918.1411312872643,-0.7967282102819837,-15.462834506920577,-201.56871257849951,-0.016841457135507228,0.0,0.0,0.07671247342465753,0.0,1.1850982587857681
tvm,quarkyonic,,,349.00932637089204,4.280134137208359,564.2212815200054,0.08036544073059361,0.50228400456621,74.58225513167994,74.58222165343518,917.4259990033011,-0.8528769058297598,-14.976239804410291,-186.3517410999417,-0.016324193799478755,0.0,0.0,0.08036544073059361,0.0,1.21202925021733
tvm,quarkyonic,,,349.00932637089204,4.280134137208359,564.2212815200054,0.08401840803652968,0.5251150502283105,77.93236274634853,77.93232880836713,916.7679142414595,-0.9069481148299303,-14.307863335643344,-170.2943875040163,-0.015606854377622688,0.0,0.0,0.08401840803652968,0.0,1.2388188977577108
tvm,quarkyonic,,,349.00932637089204,4.280134137208359,564.2212815200054,0.08767137534246576,0.547946095890411,81.28017531733146,81.28014078997883,916.1699391252847,-0.9582621794419879,-13.44753246796687,-153.38566796103666,-0.014677989195766378,0.0,0.0,0.08767137534246576,0.0,1.2655054395391085
tvm,quarkyonic,,,349.00932637089204,4.280134137208359,564.2212815200054,0.09132434264840184,0.5707771415525115,84.62591808258476,84.62588284992252,915.6351852641848,-1.0061014499232073,-12.384607536228538,-135.6112420530548,-0.013525700776401743,0.0,0.0,0.09132434264840184,0.0,1.2921235873554973
tvm,quarkyonic,,,349.00932637089204,4.280134137208359,564.2212815200054,0.0949773099543379,0.5936081872146118,87.96982775536371,87.96979171193824,915.166824571955,-1.0497085546405032,-11.107955763667174,-116.9537836879938,-0.012137629408564528,0.0,0.0,0.0949773099543379,0.0,1.3187050623876004
tvm,quarkyonic,,,349.00932637089204,4.280134137208359,564.2212815200054,0.09863027726027397,0.6164392328767123,91.31215276230607,91.31211581068852,914.7680990758414,-1.0882845699845234,-9.605924622804322,-97.3932639107907,-0.010500939672588994,0.0,0.0,0.09863027726027397,0.0,1.3452790359242
tvm,quarkyonic,,,349.00932637089204,4.280134137208359,564.2212815200054,0.10228324456621005,0.6392702785388128,94.6531535159778,94.65311556484978,914.4423299490927,-1.1209870889717877,-7.866314539506385,-76.9071666905752,-0.008602307966150588,0.0,0.0,0.10228324456621005,0.0,1.371872494898908
tvm,quarkyonic,,,349.00932637089204,4.280134137208359,564.2212815200054,0.10593621187214612,0.6621013242009133,97.99310271934306,97.99306368199467,914.1929259486105,-1.1469281866854715,-5.876350847915429,-55.47065299075983,-0.00642791109088691,0.0,0.0,0.10593621187214612,0.0,1.3985105473783361
tvm,quarkyonic,,,349.00932637089204,4.280134137208359,564.2212815200054,0.10958917917808218,0.6849323698630136,101.33228570025219,101.33224549338557,914.0233914005598,-1.1651722802312747,-3.6226549189947206,-33.05668448440438,-0.003963415983746017,0.0,0.0,0.10958917917808218,0.0,1.4252166796830075
tvm,quarkyonic,,,349.00932637089204,4.280134137208359,564.2212815200054,0.11324214648401826,0.7077634155251141,104.67100077448431,104.6709593172538,913.9373338482133,-1.1747338804013339,-1.0912143839026198,-9.636115331464701,-0.001193970684300603,0.0,0.0,0.11324214648401826,0.0,1.452012974244201
tvm,quarkyonic,,,349.00932637089204,4.280134137208359,564.2212815200054,0.11689511378995433,0.7305944611872146,108.00955963628509,108.00951684951733,913.9384714533262,-1.1745752319638285,1.7326476088005407,14.822241517416103,0.0018958033422592662,0.0,0.0,0.11689511378995433,0.0,1.4789202953549592
tvm,quarkyonic,,,349.00932637089204,4.280134137208359,564.2212815200054,0.12054808109589042,0.7534255068493151,111.34828777562623,111.34824358117922,914.0306402258469,-1.1636038391051784,4.864304173199639,40.35156867681959,0.0053218174086568076,0.0,0.0,0.12054808109589042,0.0,1.5059584484914605
tvm,quarkyonic,,,349.00932637089204,4.280134137208359,564.2212815200054,0.1242010484018265,0.7762565525114156,114.68752492167151,114.68747924190488,914.2178011428651,-1.1406698723484965,8.319857551858366,66.98701547946044,0.009100520183984275,0.0,0.0,0.1242010484018265,0.0,1.5331463177411102
tvm,quarkyonic,,,349.00932637089204,4.280134137208359,564.2212815200054,0.12785401570776256,0.7990875981735159,118.02762551213834,118.02757826946856,914.5040472077894,-1.1045634529514246,12.11617312952309,94.76568305228028,0.013248900501333823,0.0,0.0,0.12785401570776256,0.0,1.5605019849893598
tvm,quarkyonic,,,349.00932637089204,4.280134137208359,564.2212815200054,0.13150698301369862,0.8219186438356163,121.36895918840851,121.3689103049342,914.8936104915227,-1.0540118106841163,16.27091464183261,123.72662096687084,0.017784488223817774,0.0,0.0,0.13150698301369862,0.0,1.588042833825561
tvm,quarkyonic,,,349.00932637089204,4.280134137208359,564.2212815200054,0.1351599503196347,0.8447496894977169,124.71191131639239,124.71186071357465,915.3908691921476,-0.987676310516747,20.80258062983388,153.91083365034268,0.022725352993953948,0.0,0.0,0.1351599503196347,0.0,1.6157856405830127
tvm,quarkyonic,,,349.00932637089204,4.280134137208359,564.2212815200054,0.13881291762557077,0.8675807351598173,128.05688353326894,128.0568311316547,916.0003547430274,-0.9041493437172221,25.73054218457885,185.3612950776205,0.028090100676650107,0.0,0.0,0.13881291762557077,0.0,1.6437466544955806
tvm,quarkyonic,,,349.00932637089204,4.280134137208359,564.2212815200054,0.14246588493150683,0.8904117808219176,131.4042943203215,131.40424003930477,916.7267589958097,-0.8019510785745467,31.07508202882671,218.12297058883004,0.03389786730221186,0.0,0.0,0.14246588493150683,0.0,1.671941668607449
tvm,quarkyonic,,,349.00932637089204,4.280134137208359,564.2212815200054,0.14611885223744292,0.9132428264840182,134.7545796021905,134.7545233598033,917.5749415011038,-0.6795260658231825,36.85743497529099,252.24284485480158,0.04016831030171136,0.0,0.0,0.14611885223744292,0.0,1.7003860827943953
tvm,quarkyonic,,,349.00932637089204,4.280134137208359,564.2212815200054,0.149771819543379,0.9360738721461188,138.10819337293356,138.10813508566045,918.549936906489,-0.5352396937196033,43.099829804152186,287.7699552262501,0.0469215968260851,0.0,0.0,0.149771819543379,0.0,1.7290949600299381
tvm,quarkyonic,,,349.00932637089204,4.280134137208359,564.2212815200054,0.15342478684931507,0.9589049178082192,141.46560834935363,141.46554793196762,919.6569624895309,-0.36737448752279533,49.82553259630689,324.7554298070666,0.0541783889303987,0.0,0.0,0.15342478684931507,0.0,1.7580830768466027
tvm,quarkyonic,,,349.00932637089204,4.280134137208359,564.2212815200054,0.15707775415525116,0.9817359634703198,144.82731665211725,144.82725401753265,920.9014258416117,-0.1741262479636987,57.058891562339035,363.25252973723866,0.06195982540714704,0.0,0.0,0.15707775415525116,0.0,1.7873649687927329
tvm,quarkyonic,,,349.00932637089204,4.280134137208359,564.2212815200054,0.1607307214611872,1.00456700913242,148.1938305152391,148.19376557437909,922.2889327158282,0.046399976704321944,64.82538339850335,403.31669521036275,0.07028750004363012,0.0,0.0,0.1607307214611872,0.0,1.8169549715621252
tvm,quarkyonic,,,349.00932637089204,4.280134137208359,564.2212815200054,0.16438368876712328,1.0273980547945205,151.56568302455642,151.5656156862329,923.8252950522632,0.29619409083417736,73.15166120567787,445.005594863547,0.07918343608629973,0.0,0.0,0.16438368876712328,0.0,1.8468672583719987
tvm,quarkyonic,,,349.00932637089204,4.280134137208359,564.2212815200054,0.16803665607305934,1.0502291004566209,154.94342888585953,154.94335905666443,925.5165391913517,0.5773453293608952,82.06560400225307,488.379178210809,0.08867005669499538,0.0,0.0,0.16803665607305934,0.0,1.877115874080354
tvm,quarkyonic,,,349.00932637089204,4.280134137208359,564.2212815200054,0.1716896233789954,1.0730601461187212,158.32764522338744,158.32757281907405,927.3689164684843,0.8920471827870529,91.59630631073115,533.4993723443457,0.0987700845738277,0.0,0.0,0.1716896233789954,0.0,1.907714766463383
tvm,quarkyonic,,,349.00932637089204,4.280134137208359,564.2212815200054,0.1753425906849315,1.0958911917808218,161.71893240942893,161.7188577278494,929.3889789725307,1.2426135992174352,101.77210406622017,580.418617454397,0.10950431559747188,0.0,0.0,0.1753425906849315,0.0,1.938677815014651
tvm,quarkyonic,,,349.00932637089204,4.280134137208359,564.2212815200054,0.17899555799086755,1.1187222374429222,165.11791492580812,165.1178391599585,931.583563241041,1.6314805574922957,112.61823100389178,629.1677417471869,0.12088902750933635,0.0,0.0,0.17899555799086755,0.0,1.9700188575782636
tvm,quarkyonic,,,349.00932637089204,4.280134137208359,564.2212815200054,0.18264852529680364,1.1415532831050228,168.52524225805527,168.52516728622544,933.9595902055048,2.061174551617057,124.15714805141596,679.7599260637924,0.13293631689578445,0.0,0.0,0.18264852529680364,0.0,2.0017517150864523
tvm,quarkyonic,,,349.00932637089204,4.280134137208359,564.2212815200054,0.1863014926027397,1.1643843287671232,171.94158982310057,171.9415171041047,936.5239251766318,2.534288014478335,136.4091937165274,732.1959250611038,0.14565478793379477,0.0,0.0,0.1863014926027397,0.0,2.033890214636667
tvm,quarkyonic,,,349.00932637089204,4.280134137208359,564.2212815200054,0.18995445990867577,1.1872153744292235,175.36765979453494,175.36758838874417,939.2833140874437,3.053466239967264,149.39330733976306,786.4690695421773,0.1590503153831764,1.4422522642686602e-06,2.7396224991121804e-07,0.18995418594642585,0.004899983140822779,2.0664457624623918
tvm,quarkyonic,,,349.00932637089204,4.280134137208359,564.2212815200054,0.19360742721461185,1.2100464200913241,178.80417775730507,178.80410557514574,942.2443884083849,3.621406272007107,163.12771699878854,842.5695199077417,0.1731267588383728,1.8328435896435112e-05,3.5485213187767403e-06,0.19360387869329307,0.017634828805525103,2.099407759381417
tvm,quarkyonic,,,349.00932637089204,4.280134137208359,564.2212815200054,0.19726039452054792,1.2328774657534245,182.25189081879333,182.25181759567295,945.413722505465,4.2408662908949,177.63041888849216,900.4869899010013,0.1878864402536376,5.475832797259174e-05,1.0801649379159e-05,0.19724959287116875,0.03076726162537651,2.1327809584899025
tvm,quarkyonic,,,349.00932637089204,4.280134137208359,564.2212815200054,0.20091336182648398,1.2557085114155249,185.71157099351052,185.71149770615472,948.7979143501453,4.914680959889381,192.9192166790495,960.2109831085376,0.20333014413420644,0.00011310889094519062,2.27250875322634e-05,0.20089063673895172,0.04462625618040282,2.1665725301525094
tvm,quarkyonic,,,349.00932637089204,4.280134137208359,564.2212815200054,0.20456632913242007,1.2785395570776255,189.18401534028757,189.18394334918565,952.4036450313632,5.645774167216757,209.01099832985173,1021.727276508709,0.2194563191985357,0.00019745311056899514,4.039225800487719e-05,0.2045259368744152,0.05949461374006536,2.200786080594952
tvm,quarkyonic,,,349.00932637089204,4.280134137208359,564.2212815200054,0.20821929643835613,1.3013706027397258,192.67004567095805,192.66997611977658,956.2376521265733,6.437155033884039,225.9198258283827,1085.0090730916809,0.23625907777837493,0.0003097139898630302,6.44884290663963e-05,0.20815480800928973,0.07517217034185414,2.235428485615622
tvm,quarkyonic,,,349.00932637089204,4.280134137208359,564.2212815200054,0.21187226374429224,1.3242016484018264,196.17050804130275,196.17044189129788,960.3065364831692,7.291877881831937,243.6534133067578,1150.0014631496178,0.2537246223472188,0.00045469903637485786,9.633811415908942e-05,0.21177592563013314,0.09187532420302223,2.270500662571539
tvm,quarkyonic,,,349.00932637089204,4.280134137208359,564.2212815200054,0.21552523105022828,1.3470326940639268,199.68627196677443,199.68621030202235,964.616591531771,8.213003462746258,262.2114785422483,1216.6161579529394,0.27182974131293697,0.0006353794531700433,0.00013694030344904129,0.21538829074677923,0.10953290060642892,2.3060061385958543
tvm,quarkyonic,,,349.00932637089204,4.280134137208359,564.2212815200054,0.21917819835616434,1.3698637397260272,203.2182293330761,203.218173388037,969.1737611060844,9.203585465262194,281.58632848557744,1284.7369428048676,0.29054266612027624,0.000857156988409262,0.00018787012442793768,0.2189903282317364,0.12828670267746384,2.3419428994023086
tvm,quarkyonic,,,349.00932637089204,4.280134137208359,564.2212815200054,0.22283116566210046,1.3926947853881277,206.76729294509227,206.76724411118374,973.9835380377672,10.266643005468666,301.76166212049964,1354.2165936433182,0.30982213798853603,0.0011237373669508773,0.0002504037073757235,0.22258076195472473,0.14809522347184403,2.378311164827379
tvm,quarkyonic,,,349.00932637089204,4.280134137208359,564.2212815200054,0.2264841329680365,1.4155258310502281,210.33439466791518,210.33435449611747,979.0508445755507,11.4051271692,322.71113859063377,1424.8730556156784,0.32961632215387054,0.0014408895978519647,0.000326338631272165,0.22615779433676433,0.16905030464779122,2.4151059125018834
tvm,quarkyonic,,,349.00932637089204,4.280134137208359,564.2212815200054,0.2301371002739726,1.4383568767123287,213.9204831043529,213.9204533023854,984.379898084326,12.621882010730076,344.3968602615692,1496.4856159722754,0.34986173623800143,0.0018138751480935127,0.00041743996684126365,0.22971966030713134,0.1911754080076764,2.452321758196192
tvm,quarkyonic,,,349.00932637089204,4.280134137208359,564.2212815200054,0.23379006757990867,1.461187922374429,217.52652075543833,217.52650317769132,989.97406149974,13.919599562689541,366.7677971959778,1568.7911851542528,0.37048222924179525,0.002248916986166024,0.0005257744541773593,0.2332642931257313,0.21452567300931222,2.489949811708355
tvm,quarkyonic,,,349.00932637089204,4.280134137208359,564.2212815200054,0.23744303488584473,1.4840189680365294,221.15348060882081,221.153477236754,995.8356792455522,15.300768690916556,389.75820660481685,1641.4809000070293,0.3913880720764079,0.002752945811031469,0.0006536678082475852,0.23678936707759715,0.23916226849047223,2.5279779105057187
tvm,quarkyonic,,,349.00932637089204,4.280134137208359,564.2212815200054,0.24109600219178082,1.50685001369863,224.8023421036306,224.80235501470955,1001.9658995857518,16.76761770790651,413.28610847246506,1714.197268786377,0.4124752236012545,0.0033316975158525545,0.0008032589515843382,0.24029274324019648,0.2650730010452558,2.5663945629380347
tvm,quarkyonic,,,349.00932637089204,4.280134137208359,564.2212815200054,0.24474896949771688,1.5296810593607304,228.4740864263055,228.47411774893413,1008.3644856186778,18.322050984332606,437.251904143375,1786.5321559503188,0.43362485527750505,0.003994005335861987,0.0009775286901206038,0.24377144080759627,0.29235706818653,2.605179338931405
tvm,quarkyonic,,,349.00932637089204,4.280134137208359,564.2212815200054,0.24840193680365297,1.552512105022831,232.1696911003234,232.16974295368482,1015.0296181756456,19.965580114217914,461.53724117080463,1858.0259361488897,0.4547032253111436,0.0047464799671949566,0.0011790348168509665,0.247222901986802,0.3210033740543117,2.644314328698054
tvm,quarkyonic,,,349.00932637089204,4.280134137208359,564.2212815200054,0.25205490410958903,1.5753431506849314,235.8901238496087,235.89019826631124,1021.9576953293003,21.699250633972156,486.0042487470486,1928.1681920211422,0.47556200317122316,0.005598348697301899,0.0014110912440704728,0.25064381286551857,0.3510799122144017,2.6837730701211675
tvm,quarkyonic,,,349.00932637089204,4.280134137208359,564.2212815200054,0.2557078714155251,1.5981741963470317,239.63633573219036,239.63643456409852,1029.1431347472703,23.523565804026873,510.49528266793294,1996.4003448230912,0.49603914696792567,0.006558038060051716,0.0016769419529978238,0.25403092946252726,0.38260687892474143,2.723527997247097
tvm,quarkyonic,,,349.00932637089204,4.280134137208359,564.2212815200054,0.25936083872146115,1.621005242009132,243.40925356841225,243.40937837673624,1036.5781868026188,25.43840955276238,534.8333290085669,2062.1206024975404,0.5159604319460832,0.007633974589313302,0.00197995405226262,0.2573808846691985,0.4155930294751853,2.7635484883618666
tvm,quarkyonic,,,349.00932637089204,4.280134137208359,564.2212815200054,0.2630138060273972,1.6438362876712325,247.20977171883072,247.2099236516095,1044.2527680134317,27.442971318247857,558.8232149292904,2124.691564180018,0.5351417128559649,0.008836173676972554,0.0023240356694996522,0.26068977035789753,0.450079103824794,2.803796719502541
tvm,quarkyonic,,,349.00932637089204,4.280134137208359,564.2212815200054,0.26666677333333333,1.6666673333333333,251.03874330434618,251.0389229671607,1052.1543258641252,29.53567615973415,582.2537596362889,2183.4507252557933,0.5533919742791429,0.010173061856898365,0.0027128175802994953,0.2639539557530338,0.4860519784928951,2.844235218592978
tvm,quarkyonic,,,349.00932637089204,4.280134137208359,564.2212815200054,0.2703197406392694,1.6894983789954336,254.89697100403782,254.89717833188806,1060.2677471712996,31.714124091640116,604.9009684331045,2237.723989386036,0.5705171830859956,0.011654481123902579,0.003150436314698606,0.2671693043245708,0.5235270613826466,2.884819281004656
tvm,quarkyonic,,,349.00932637089204,4.280134137208359,564.2212815200054,0.27397270794520545,1.712329424657534,258.7851976111721,258.7854317523576,1068.5753226102183,33.97504302658541,626.5323184314849,2286.8420841275597,0.586324899307097,0.013289485368361574,0.0036409562935682065,0.27033175165163725,0.5624935796128266,2.9255023205559256
tvm,quarkyonic,,,349.00932637089204,4.280134137208359,564.2212815200054,0.27762567525114157,1.7351604703196348,262.70409657433254,262.70435579875925,1077.056779613751,36.314259925328315,646.9121134943395,2330.1595319278,0.6006295357300774,0.01508718206329439,0.004188589107959016,0.2734370861431826,0.6029381313277572,2.966233671202926
tvm,quarkyonic,,,349.00932637089204,4.280134137208359,564.2212815200054,0.28127864255707763,1.7579915159817352,266.6542627929488,266.65454443806163,1085.6893942445033,38.726694613648135,665.8077962573946,2367.0755454612504,0.6132580826403937,0.017054982658417754,0.004797202370994245,0.2764814401860834,0.6448124954026614,3.0069633072261577
tvm,quarkyonic,,,349.00932637089204,4.280134137208359,564.2212815200054,0.28493160986301364,1.7808225616438351,270.6362039707093,270.63650443823497,1094.448189807504,41.20638019527826,682.9970027381728,2397.0559218281774,0.6240560394716365,0.019201367270243228,0.005471076487881382,0.27946053337513227,0.6880916917953528,3.0476344584816775
tvm,quarkyonic,,,349.00932637089204,4.280134137208359,564.2212815200054,0.28858457716894975,1.803653607305936,274.65033285420276,274.6506476668946,1103.3062257167705,43.74651296944944,698.2750441453753,2419.654754233714,0.6328932329659755,0.021532959244052075,0.006214079938640996,0.28237049723030877,0.7327190707828206,3.088191691145319
tvm,quarkyonic,,,349.00932637089204,4.280134137208359,564.2212815200054,0.2922375444748858,1.8264846529680363,278.6969606864946,278.6972846103008,1112.2349747478534,46.33953328909848,711.4624091776274,2434.5345854039256,0.6396691574448267,0.024055247026542,0.007029846322773432,0.2852076981521124,0.77862570958252,3.1285793192139204
tvm,quarkyonic,,,349.00932637089204,4.280134137208359,564.2212815200054,0.29589051178082193,1.8493156986301371,282.77629218924466,282.7766194196563,1121.20478055048,48.97723690852939,722.4118174873875,2441.483551262053,0.6443174610196574,0.02677218378903637,0.007921635162828195,0.28796887661799375,0.8257275745668298,3.168742969562494
tvm,quarkyonic,,,349.00932637089204,4.280134137208359,564.2212815200054,0.299543479086758,1.8721467442922375,286.8884223468374,286.88874674973823,1130.1853808044673,51.65091422942436,731.0143311542721,2440.428125435992,0.6468092257873087,0.029687227809928548,0.008892615502627153,0.29065086358413084,0.873944433729833,3.20862696510991
tvm,quarkyonic,,,349.00932637089204,4.280134137208359,564.2212815200054,0.30319644639269405,1.8949777899543379,291.03333519910547,291.03365059031887,1139.1464753513353,54.35151265696862,737.2040576318943,2431.440296886205,0.6471547545319192,0.032801220776296644,0.009945213576715347,0.2932512328159787,0.9231701639642572,3.2481811498634827
tvm,quarkyonic,,,349.00932637089204,4.280134137208359,564.2212815200054,0.3068494136986301,1.9178088356164382,295.21090476615046,295.2112052066176,1148.0583138682136,57.06981529568162,740.9610588451214,2414.7383888204226,0.6454036784495398,0.036114563064931424,0.01108173250245641,0.2957676811961737,0.9733074824303164,3.287354979034482
tvm,quarkyonic,,,349.00932637089204,4.280134137208359,564.2212815200054,0.3105023810045662,1.9406398812785386,299.42089812643906,299.42117820772177,1156.8922748014884,59.79662768392927,742.3122070627712,2390.6812072138505,0.6416433260306322,0.03962465073366375,0.012303548399276925,0.29819883260528923,1.0242342370423936,3.326106030418163
tvm,quarkyonic,,,349.00932637089204,4.280134137208359,564.2212815200054,0.3141553483105023,1.9634709269406392,303.66298056413075,303.66323565842055,1165.6214068810036,62.52296341845886,741.3298932750067,2359.755761796858,0.6359954346228714,0.043327918338814914,0.0136116972772994,0.3005436510332029,1.0758336253787635,3.3643944462076303
tvm,quarkyonic,,,349.00932637089204,4.280134137208359,564.2212815200054,0.31780831561643835,1.9863019726027398,307.93672259723445,307.93694905018566,1174.2209068214108,65.24021950833372,738.1286715800132,2322.559339419104,0.6286114199568382,0.047218997248118615,0.015006589980521816,0.30280172563591656,1.1279838074227397,3.40218622315292
tvm,quarkyonic,,,349.00932637089204,4.280134137208359,564.2212815200054,0.3214612829223744,2.00913301826484,312.24160860810235,312.2418038597974,1182.668511417338,67.94033309231492,732.8600931464283,2279.777167825829,0.6196665304533654,0.05129171807572702,0.01648830149591595,0.30497298142645846,1.1805704014758471,3.439450608731841
tvm,quarkyonic,,,349.00932637089204,4.280134137208359,564.2212815200054,0.3251142502283105,2.0319640639269405,316.5770467293379,316.5772093566853,1190.9447888091183,70.61591272030478,725.7061257811887,2232.1572347922734,0.6093532904299085,0.055537200328337796,0.018055935244527022,0.30705831498378344,1.2334649464371372,3.4761670510838725
tvm,quarkyonic,,,349.00932637089204,4.280134137208359,564.2212815200054,0.3287672175342466,2.0547951095890413,320.94237959450743,320.9425092783866,1199.033321243729,73.26033947776062,716.8716476757851,2180.483969941775,0.597874667012749,0.05994616313585785,0.01970833325603001,0.3090588842782166,1.2865515480434921,3.512318189907806
tvm,quarkyonic,,,349.00932637089204,4.280134137208359,564.2212815200054,0.33242018484018265,2.0776261552511417,325.3368955518914,325.33699297900114,1206.9207793791109,75.86783558966022,706.576543533891,2125.5524656951598,0.5854373838002712,0.06450843035847331,0.02144390434351375,0.3109762804966689,1.3397199413751448,3.547891908332863
tvm,quarkyonic,,,349.00932637089204,4.280134137208359,564.2212815200054,0.3360731521461187,2.100457200913242,329.75983995228137,329.7599066679564,1214.5968951714615,78.43350047920558,695.04791173924,2068.1447098667536,0.5722457504233303,0.06921307868543143,0.023260657523550284,0.31281249462256844,1.3928660889222713,3.5828812280080906
tvm,quarkyonic,,,349.00932637089204,4.280134137208359,564.2212815200054,0.3397261194520548,2.1232882465753424,334.2104261608525,334.2104643914364,1222.054345954444,80.95331631918572,682.5128258575427,2009.0089833492036,0.5584962961074282,0.0740482895362587,0.02515613805621536,0.3145699813958394,1.4458898590987326,3.617285186619957
tvm,quarkyonic,,,349.00932637089204,4.280134137208359,564.2212815200054,0.34337908675799084,2.146119292237443,338.6878459980101,338.687858461196,1229.2885661286825,83.424126738111,669.1919932967522,1948.8431855734714,0.5443733975369139,0.07900240507840957,0.027127773707509135,0.3162513130504817,1.498703945794594,3.6511053457502154
tvm,quarkyonic,,,349.00932637089204,4.280134137208359,564.2212815200054,0.347032054063927,2.1689503378995436,343.1912793787878,343.191269098485,1236.2975047241482,85.84359340004363,655.2945358081414,1888.2824457692002,0.5300459907943885,0.0840628722096177,0.029172511213417036,0.31785954285051,1.5512226801893951,3.6843497319239344
tvm,quarkyonic,,,349.00932637089204,4.280134137208359,564.2212815200054,0.35068502136986307,2.191781383561644,347.71990298957587,347.71987312751816,1243.0813472721134,88.21013570508109,641.0139992080062,1827.8910137195078,0.5156653670451117,0.0892187140364877,0.031287666638477395,0.3193973547313857,1.6033827004671521,3.717023903585003
tvm,quarkyonic,,,349.00932637089204,4.280134137208359,564.2212815200054,0.3543379886757991,2.2146124292237443,352.2728979052818,352.27285161800995,1249.6422190819958,90.52285885586667,626.5255932249438,1768.1581237347439,0.5013639773512119,0.09445748462203857,0.033469875116348365,0.3208681135594507,1.6551146460728758,3.7491421005571377
tvm,quarkyonic,,,349.00932637089204,4.280134137208359,564.2212815200054,0.35799095598173514,2.2374434748858447,356.84945610973955,356.8493964349137,1255.9838847836902,92.78147517645306,611.9845782102846,1709.4973154615343,0.48725511977065106,0.09976792651051553,0.03571601538781495,0.3222749405939202,1.7063652171389365,3.78071745081435
tvm,quarkyonic,,,349.00932637089204,4.280134137208359,564.2212815200054,0.3616439232876712,2.260274520547945,361.4487859301487,361.448715702915,1262.1114561440288,94.98622292332715,597.5256567088414,1652.2485744452483,0.47343335154756205,0.10513940960267129,0.0380230285808595,0.3236208947068117,1.7570906019202512,3.81176385533663
tvm,quarkyonic,,,349.00932637089204,4.280134137208359,564.2212815200054,0.36529689059360737,2.283105566210046,366.07011643465466,366.0700382320572,1268.0311171664594,97.13778604478864,583.2631942900022,1596.6826143584183,0.45997545832578723,0.11056106417039571,0.04038761296216584,0.3249092776314415,1.8072486104793994,3.8422991979687615
tvm,quarkyonic,,,349.00932637089204,4.280134137208359,564.2212815200054,0.36894985789954343,2.3059366118721463,370.71270086894265,370.7126169788957,1273.749872642734,99.23721753220258,569.2920830997251,1543.006646867256,0.44694181748460293,0.11602362199274185,0.04280689884721245,0.326142959052331,1.8568120924689313,3.8723380990449483
tvm,quarkyonic,,,349.00932637089204,4.280134137208359,564.2212815200054,0.3726028252054795,2.3287676575342466,375.3758192257282,375.3757316358205,1279.275323773835,101.28586821796495,555.6890667051832,1491.3710501221697,0.43437800790678294,0.12151785578225924,0.045277896377381804,0.3273249288280977,1.9057557905396287,3.901897731345227
tvm,quarkyonic,,,349.00932637089204,4.280134137208359,564.2212815200054,0.37625579251141555,2.351598703196347,380.05878004889,380.0586904506129,1284.6154723959792,103.2853221881627,542.5143641030571,1441.87644389979,0.42231654200084906,0.12703477788036027,0.0477975710278866,0.32845822148352893,1.9540574995377629,3.9309969475391036
tvm,quarkyonic,,,349.00932637089204,4.280134137208359,564.2212815200054,0.3799087598173516,2.3744297488584474,384.7609215771499,384.7608313811593,1289.7785537230093,105.23733940276657,529.8134542976231,1394.5807792174655,0.41077861991757464,0.13256663004318003,0.05036322401287019,0.3295455358044814,2.0017045707916505,3.959652144149888
tvm,quarkyonic,,,349.00932637089204,4.280134137208359,564.2212815200054,0.38356172712328773,2.397260794520548,389.4816123291812,389.48152268768496,1294.7728963386364,107.14380566438405,517.6189110102115,1349.506153526715,0.3997758313245019,0.13810589365571652,0.052972135096491735,0.330589592026796,2.048686152475825,3.987880996243263
tvm,quarkyonic,,,349.00932637089204,4.280134137208359,564.2212815200054,0.3872146944292238,2.4200918401826486,394.2202512256713,394.2201630588604,1299.6068073970534,109.00668974552872,505.95220329689505,1306.6451520975902,0.3893117521523704,0.14364634574947927,0.055621975875259244,0.33159271855396455,2.095000039187613,4.015697971886507
tvm,quarkyonic,,,349.00932637089204,4.280134137208359,564.2212815200054,0.39086766173515985,2.442922885844749,398.9762673354008,398.9761813596356,1304.2884805319065,110.82800725397533,494.82540336187077,1265.9665963800032,0.3793834038617548,0.14918176335597771,0.058310327016478966,0.3325573347186809,2.1406433577549935,4.043119412215508
tvm,quarkyonic,,,349.00932637089204,4.280134137208359,564.2212815200054,0.3945206290410959,2.4657539315068493,403.74911932344986,403.74903607926393,1308.825923776911,112.60979067449642,484.24276191190904,1227.4206372652495,0.36998255697328936,0.1547066580285142,0.06103496804225513,0.3334856609988408,2.185617357461701,4.070160369089447
tvm,quarkyonic,,,349.00932637089204,4.280134137208359,564.2212815200054,0.398173596347032,2.4885849771689497,408.5382946689515,408.5382145478031,1313.2269047751047,114.35406494618161,474.2021301193559,1190.943182747006,0.3610968739637305,0.16021571471746504,0.06379366732036315,0.3343799290266688,2.2299235112732534,4.096836777510265
tvm,quarkyonic,,,349.00932637089204,4.280134137208359,564.2212815200054,0.40182656365296804,2.51141602283105,413.34330871085274,413.34323197971446,1317.4989106870023,116.06282791817227,464.69621898556403,1156.4596794225195,0.352710894268027,0.16570446006028472,0.0665844537679947,0.3352421098849733,2.2735676580236044,4.123162496743372
tvm,quarkyonic,,,349.00932637089204,4.280134137208359,564.2212815200054,0.40547953095890416,2.534247068493151,418.16370357034054,418.16363039394065,1321.649120383273,117.73803503131711,455.71369661620423,1123.8882898441336,0.3448068701351302,0.1711693948450833,0.06940568593630385,0.3360738450226003,2.3165604677743126,4.149148523464657
tvm,quarkyonic,,,349.00932637089204,4.280134137208359,564.2212815200054,0.4091324982648402,2.557078114155251,422.99904699120316,422.99897745141766,1325.6843867482407,119.38158760958277,447.24013051885015,1093.14252085969,0.33736546570928655,0.17660632627167466,0.07225538747690574,0.3368771107879345,2.3589070731683512,4.174810007376756
tvm,quarkyonic,,,349.00932637089204,4.280134137208359,564.2212815200054,0.4127854655707763,2.5799091598173516,427.84893113062896,427.8488652434487,1329.6112271874829,120.99532419926766,439.2587865519255,1064.1333651235598,0.3303663338351064,0.1820125968152469,0.07513215451612767,0.3376533110546486,2.4006207111181745,4.200156551624232
tvm,quarkyonic,,,349.00932637089204,4.280134137208359,564.2212815200054,0.41643843287671234,2.602740205479452,432.71297132805944,432.71290905792443,1333.4358206844956,122.5810144495997,431.7512973441563,1036.7710164541354,0.32378858483232015,0.18738464103212138,0.07803416625658191,0.33840426662013046,2.4417079127733765,4.225202678332545
tvm,quarkyonic,,,349.00932637089204,4.280134137208359,564.2212815200054,0.4200914001826484,2.6255712511415523,437.59080487273206,437.5907461446227,1337.164009988511,124.14035508529571,424.6982152313251,1010.9662207954595,0.31761116217521745,0.19272042875399376,0.08096019475906557,0.3391312054235828,2.482183057152612,4.24995706771548
tvm,quarkyonic,,,349.00932637089204,4.280134137208359,564.2212815200054,0.4237443674885845,2.648402296803653,442.4820897866393,442.4820344961435,1340.8013077407436,125.67496758032479,418.0794640040826,986.6313185044175,0.31181313859884907,0.19801814414313038,0.08390907324119413,0.3398352942473904,2.522060372998242,4.274428172015987
tvm,quarkyonic,,,349.00932637089204,4.280134137208359,564.2212815200054,0.4273973347945206,2.6712333424657535,447.3865036354388,447.38645165703537,1344.352905569801,127.18639720676737,411.8747031897872,963.6810285394125,0.30637394502838156,0.20327467571528587,0.08687905463193364,0.34051828016258695,2.561345548489589,4.2986309505267215
tvm,quarkyonic,,,349.00932637089204,4.280134137208359,564.2212815200054,0.43105030210045664,2.694064388127854,452.3037423767089,452.3036935703692,1347.8236853146086,128.67611316264367,406.0636177734168,942.0330198000495,0.3012735435634028,0.20848946234574156,0.08986944572889367,0.341180856371563,2.600057549783818,4.322569564493792
tvm,quarkyonic,,,349.00932637089204,4.280134137208359,564.2212815200054,0.4347032694063927,2.7168954337899542,457.2335192517016,457.2334734683212,1351.2182317435656,130.14550955213156,400.6261451916642,921.6083093617806,0.29649255448152884,0.21366108857355456,0.09287917374785302,0.34182409565853966,2.638209255764896,4.346252507695473
tvm,quarkyonic,,,349.00932637089204,4.280134137208359,564.2212815200054,0.43835623671232876,2.7397264794520546,462.17556372553173,462.1755208112099,1354.5408462243497,131.5959070128293,395.5426494676654,902.3315202134108,0.2920123454159407,0.21878728460155766,0.09590677071844805,0.3424494659938807,2.6758078702507317,4.369692710346906
tvm,quarkyonic,,,349.00932637089204,4.280134137208359,564.2212815200054,0.4420092040182649,2.7625575251141554,467.12962047837584,467.12958027764444,1357.7955609285245,133.0285548279062,390.7940517412511,884.1310275636309,0.28781509012594486,0.2238683436412563,0.09895186837775909,0.3430573356405058,2.712873485998884,4.392891791683266
tvm,quarkyonic,,,349.00932637089204,4.280134137208359,564.2212815200054,0.44566217132420094,2.785388570776256,472.0954484485793,472.09541080709687,1360.9861532418424,134.4446333888343,386.36192502008845,866.9390176691169,0.2838838030054765,0.22890244985491684,0.10201316282377126,0.3436490085004297,2.7494137755820445,4.415861445197346
tvm,quarkyonic,,,349.00932637089204,4.280134137208359,564.2212815200054,0.449315138630137,2.808219616438356,477.0728199287274,477.07278469513614,1364.1161601252045,135.84525689913033,382.2285599276403,850.6914792432124,0.2802023545359639,0.23388914928310583,0.10508993553422351,0.3442252030959135,2.7854427961250066,4.438607427677176
tvm,quarkyonic,,,349.00932637089204,4.280134137208359,564.2212815200054,0.45296810593607306,2.8310506621004565,482.06151971349107,482.06148674082846,1367.188892232699,137.23147623065512,378.3770065179317,835.3281424439443,0.2767554715135376,0.23882788080110448,0.10818141281120253,0.34478669312487054,2.8209730994553253,4.461136274176313
tvm,quarkyonic,,,349.00932637089204,4.280134137208359,564.2212815200054,0.4566210732420091,2.853881707762557,487.0613442983573,487.0613134450703,1370.2074476486155,138.60428186443454,374.79109758680136,820.792380267921,0.2735287260552937,0.24371847101183874,0.11128698980232729,0.34533408343968186,2.856018367106296,4.483452937193567
tvm,quarkyonic,,,349.00932637089204,4.280134137208359,564.2212815200054,0.46027404054794524,2.8767127534246577,492.0721011276348,492.07207225828137,1373.1747251401787,139.9646068603028,371.45545706065826,807.0310822188655,0.27050851596670533,0.24856018539351593,0.11440580085041994,0.3458682396975253,2.8905885851885804,4.5055652538127315
tvm,quarkyonic,,,349.00932637089204,4.280134137208359,564.2212815200054,0.4639270078538813,2.899543799086758,497.0936078898379,497.09358087555626,1376.0934368484259,141.3133298088979,368.355496558468,793.9945084518241,0.2676820386572643,0.2533534779055693,0.11753752093410519,0.3463894869197761,2.924699012105617,4.527475578618505
tvm,quarkyonic,,,349.00932637089204,4.280134137208359,564.2212815200054,0.46757997515981736,2.9223748447488584,502.1256918584312,502.12566657709147,1378.9661203848914,142.65127773870574,365.47740353935103,781.6361327587479,0.2650372609860353,0.25809738704648943,0.1206811698240113,0.3468988053358061,2.958357033686001,4.549193218443894
tvm,quarkyonic,,,349.00932637089204,4.280134137208359,564.2212815200054,0.4712329424657534,2.945205890410959,507.1681892754172,507.16816561171305,1381.795150303312,143.97922895062476,362.8081223474536,769.912477784425,0.2625628858719146,0.26279247394099514,0.12383647075306997,0.34739647171268345,2.9915769971057236,4.570720291909004
tvm,quarkyonic,,,349.00932637089204,4.280134137208359,564.2212815200054,0.4748859097716895,2.968036936073059,512.2209447757662,512.2209226211602,1384.582748935292,145.2979157611627,360.3353304358153,758.7829476959075,0.26024831720090674,0.2674384044440843,0.12700273000231802,0.34788317976937144,3.0243681328984087,4.592063359112208
tvm,quarkyonic,,,349.00932637089204,4.280134137208359,564.2212815200054,0.4785388770776256,2.99086798173516,517.2838108502152,517.2837901028211,1387.330996595941,146.6080271431838,358.047411010429,748.2096610352282,0.2580836237991949,0.27203545911811633,0.1301795431316797,0.34835933394594587,3.0567420991882157,4.613226085212292
tvm,quarkyonic,,,349.00932637089204,4.280134137208359,564.2212815200054,0.48219184438356166,3.0136990273972604,522.35664734419,522.3566279085903,1390.04184116489,147.91021125302984,355.9334237353778,738.1572871486582,0.2560595035305532,0.27658409192252453,0.13336659341127466,0.348825250972287,3.0887107833337506,4.634211331276741
tvm,quarkyonic,,,349.00932637089204,4.280134137208359,564.2212815200054,0.4858448116894977,3.0365300730593607,527.439320990733,527.4393027776655,1392.717107074076,149.20507784548101,353.9830737873445,728.5928865976534,0.2541672475977685,0.28108384889787563,0.13656312963674763,0.3492816820527501,3.1202811648380893,4.655026520217897
tvm,quarkyonic,,,349.00932637089204,4.280134137208359,564.2212815200054,0.4894977789954338,3.059361118721461,532.5317049750001,532.5316879011085,1395.3585037095463,150.49320056710621,352.1866801107154,719.4857570824662,0.2523987055473061,0.2855354109833196,0.13976894950088334,0.3497288294945504,3.1514651752106877,4.675673495879908
tvm,quarkyonic,,,349.00932637089204,4.280134137208359,564.2212815200054,0.49315074630136985,3.0821921643835615,537.6336785285412,537.6336625160677,1397.9676332584609,151.77511913050193,350.5351437963183,710.8072864642943,0.2507462515274917,0.28993905874121595,0.14298366320014735,0.35016708310122246,3.182272325875749,4.696156108008146
tvm,quarkyonic,,,349.00932637089204,4.280134137208359,564.2212815200054,0.49680371360730596,3.1050232100456623,542.7451265511413,542.7451115277154,1400.5459980305766,153.0513413717257,349.0199165957611,702.530812544692,0.24920275170294073,0.29429456519184805,0.1462066328817575,0.35059708072554846,3.2127093145414447,4.716480806127104
tvm,quarkyonic,,,349.00932637089204,4.280134137208359,564.2212815200054,0.500456680913242,3.1278542557077627,547.8659392587876,547.8659251569908,1403.095007277085,154.32234519084034,347.6329703393079,694.6314907914532,0.24776153327916228,0.298603292213516,0.14943801253094313,0.3510186683822989,3.2427898346031037,4.736645995209937
tvm,quarkyonic,,,349.00932637089204,4.280134137208359,564.2212815200054,0.5041096482191781,3.1506853013698635,552.9960118553121,552.9959986124192,1405.6159835475164,155.5885803849734,346.3667669154563,687.0861689297842,0.2464163548007545,0.30286489301207176,0.15267711467425452,0.35143253354492365,3.2725191997717316,4.756658742609624
tvm,quarkyonic,,,349.00932637089204,4.280134137208359,564.2212815200054,0.5077626155251141,3.1735163470319634,558.1352442265893,558.1352317842861,1408.110168589955,156.85047036645892,345.21422971153214,679.8732698241698,0.24516137828705598,0.30707994136138017,0.15592371420095308,0.35183890132416107,3.301906639170829,4.776521434301759
tvm,quarkyonic,,,349.00932637089204,4.280134137208359,564.2212815200054,0.5114155828310503,3.196347392694064,563.2835406556026,563.2835289596843,1410.5787288536167,158.10841378607006,344.1687155677887,672.97268038367,0.2439911424493804,0.31124899838615994,0.15917758791523862,0.35223799491581165,3.3309609480692792,4.796236485968312
tvm,quarkyonic,,,349.00932637089204,4.280134137208359,564.2212815200054,0.5150685501369864,3.219178438356165,568.4408095567043,568.4407985568399,1413.0227605834843,159.36278604745735,343.2239888758734,666.3656493579163,0.24290053808768425,0.31537229106612785,0.16243834871281013,0.3526302014241762,3.359689064878202,4.815808018268211
tvm,quarkyonic,,,349.00932637089204,4.280134137208359,564.2212815200054,0.5187215174429224,3.242009484018265,573.6069632281046,573.6069528774764,1415.4432945776284,160.61394074024042,342.3741963515394,660.0346907514062,0.24188478454992057,0.31945055392307664,0.16570587607896042,0.35301564136396196,3.388099910147426,4.83523748222842
tvm,quarkyonic,,,349.00932637089204,4.280134137208359,564.2212815200054,0.5223744847488585,3.2648405296803658,578.7819176206749,578.781907875882,1417.8413005881737,161.86221097451664,341.61384314034916,653.9634938421361,0.24093940767463534,0.32348373337436354,0.16897964854607028,0.3533948362027882,3.416198566117534,4.854530419556543
tvm,quarkyonic,,,349.00932637089204,4.280134137208359,564.2212815200054,0.5260274520547945,3.2876715753424657,583.9655921228642,583.9655829434838,1420.2176914146864,163.1079106345261,340.93777038542197,648.1368397288658,0.24006021925118537,0.3274732984635744,0.1722599448067733,0.3537675072480212,3.443996632432718,4.873684315449138
tvm,quarkyonic,,,349.00932637089204,4.280134137208359,564.2212815200054,0.5296804193607306,3.3105026210045665,589.1579093592042,589.1579007078349,1422.5733267062242,164.35133555330765,340.34113410097535,642.5405237968431,0.2392432978403926,0.3314185682515589,0.17554592621541865,0.354134493145312,3.471495874244444,4.892707960165543
tvm,quarkyonic,,,349.00932637089204,4.280134137208359,564.2212815200054,0.5333333866666667,3.333333666666667,594.3587950032139,594.3587868449988,1424.909016491734,165.592764612407,339.81938511141067,637.1612833677666,0.23848497074436328,0.3353209581992601,0.17883786225672318,0.3544955244099436,3.498707105817366,4.911598992928689
tvm,quarkyonic,,,349.00932637089204,4.280134137208359,564.2212815200054,0.5369863539726027,3.3561647123287672,599.5681776017607,599.5681699043481,1427.2255244602748,166.83246077221054,339.3682504731132,631.9867310639852,0.2377817973802354,0.3391806417037519,0.18213537612658545,0.35485097784601727,3.5256354049121414,4.930361587745671
tvm,quarkyonic,,,349.00932637089204,4.280134137208359,564.2212815200054,0.5406393212785389,3.378995757990868,604.7859884116017,604.7859811449467,1429.523571005797,168.0706720353005,338.9837155404076,627.0052920656177,0.23713055343459807,0.34299795291003643,0.18543818046121033,0.35520114081732856,3.5522863542173804,4.948999029358739
tvm,quarkyonic,,,349.00932637089204,4.280134137208359,564.2212815200054,0.5442922885844749,3.401826803652968,610.0121612464234,610.0121543826032,1431.8038360604414,169.30763235076472,338.66200786026263,622.2061472540996,0.2365282165970999,0.34677374615433787,0.1887462759153563,0.35554601266911856,3.5786675855944305,4.967511734492552
tvm,quarkyonic,,,349.00932637089204,4.280134137208359,564.2212815200054,0.547945255890411,3.424657849315069,615.2466323338933,615.2466258469536,1434.0669617154583,170.5435624542074,338.39958133482287,617.5791791187672,0.23597195275318442,0.35050858256137496,0.19205951496337784,0.3558857409270332,3.604785243574336,4.985901625029339
tvm,quarkyonic,,,349.00932637089204,4.280134137208359,564.2212815200054,0.551598223196347,3.4474888949771687,620.4893401819336,620.4893340477571,1436.3135546812725,171.77867066726196,338.1931019356329,613.1149226259375,0.23545910350381688,0.35420251571379036,0.19537747831940294,0.35622074487694405,3.6306431119703,5.004173343053444
tvm,quarkyonic,,,349.00932637089204,4.280134137208359,564.2212815200054,0.5552511905022831,3.4703199406392695,625.7402254536985,625.7402196498169,1438.5441885397843,173.01315362703906,338.0394341756665,608.8045193921588,0.2349871744425164,0.3578565733448823,0.19870028837881348,0.3565509021234696,3.6562489785412406,5.022326140369942
tvm,quarkyonic,,,349.00932637089204,4.280134137208359,564.2212815200054,0.5589041578082192,3.49315098630137,630.9992308503649,630.9992253559168,1440.7594058691604,174.24719698565661,337.93562834676214,604.6396750240681,0.2345538241639292,0.3614706892228622,0.20202747113246033,0.3568766866757589,3.6816057890032576,5.04036521525005
tvm,quarkyonic,,,349.00932637089204,4.280134137208359,564.2212815200054,0.5625571251141552,3.5159820319634703,636.2663010016272,636.2662957971918,1442.9597202068785,175.48097605791554,337.87890863683776,600.6126196842226,0.23415685407240316,0.3650461716433874,0.20535932485363245,0.3571978002605228,3.706722170858104,5.0582881027069115
tvm,quarkyonic,,,349.00932637089204,4.280134137208359,564.2212815200054,0.5662100924200913,3.538813077625571,641.5413823629682,641.5413774304058,1445.1456178743858,176.71465642674025,337.86666228670805,596.7160720194878,0.2337941990812416,0.36858307418910075,0.2086954565010921,0.35751463591899924,3.731601273506689,5.076099210647042
tvm,quarkyonic,,,349.00932637089204,4.280134137208359,564.2212815200054,0.5698630597260274,3.561644123287671,646.824423119144,646.824418441703,1447.3175596817766,177.9483945137615,337.8964290895637,592.9432050781005,0.2334639187020279,0.37208167742236153,0.21203560316389966,0.35782745656212767,3.756247086188579,5.09380165104215
tvm,quarkyonic,,,349.00932637089204,4.280134137208359,564.2212815200054,0.5735160270319635,3.584475168949772,652.1153730943947,652.1153686563364,1449.4759825119509,179.18233811216942,337.9658918370645,589.2876151798088,0.2331641889307938,0.37554266228232003,0.21537973565316257,0.3581362913788009,3.780665146281113,5.1113962287463055
tvm,quarkyonic,,,349.00932637089204,4.280134137208359,564.2212815200054,0.5771689943378996,3.607306214611872,657.4141836673066,657.414179453996,1451.6213007934693,180.41662688444433,338.0728672355282,585.7432927826434,0.2328932945877375,0.3789671636675596,0.2187280967410916,0.358440897596808,3.804862734848662,5.128881083399065
tvm,quarkyonic,,,349.00932637089204,4.280134137208359,564.2212815200054,0.5808219616438356,3.6301372602739725,662.7208076914897,662.7208036893323,1453.753907880034,181.65139283294081,338.2152975361977,582.3045956784841,0.23264962226612823,0.38235455422157294,0.2220799222264283,0.3587420394174073,3.8288396864505483,5.146264271977215
tvm,quarkyonic,,,349.00932637089204,4.280134137208359,564.2212815200054,0.5844749289497717,3.652968305936073,668.0351994210536,668.0351956173253,1455.8741773278057,182.88676073615136,338.39124277492084,578.966224236457,0.2324316538095506,0.38570647638501965,0.22543576538060117,0.35903916356917054,3.8526051395403607,5.163540892592596
tvm,quarkyonic,,,349.00932637089204,4.280134137208359,564.2212815200054,0.5881278962557077,3.6757993515981733,673.3573144403529,673.3573108231999,1457.9824640889722,184.12284855916027,338.598873184218,575.7231978620533,0.23223796000577637,0.38902247619846625,0.22879497052279008,0.35933292573291764,3.876159450553263,5.18071792307289
tvm,quarkyonic,,,349.00932637089204,4.280134137208359,564.2212815200054,0.5917808635616438,3.698630397260274,678.687109598153,678.6871061565032,1460.0791056357923,185.35976784495858,338.83646285977807,572.5708344478811,0.2320671952306526,0.39230368856049636,0.2321578155947487,0.35962304796689515,3.899509425601628,5.197793181883561
tvm,quarkyonic,,,349.00932637089204,4.280134137208359,564.2212815200054,0.59543383086758,3.7214614429223745,684.0245429456922,684.0245396691911,1462.1644229902981,186.59762407020673,339.1023828065272,569.504729538858,0.231918091751284,0.395550447616112,0.2355241183254476,0.35990971254213233,3.9226584718195006,5.214769002627252
tvm,quarkyonic,,,349.00932637089204,4.280134137208359,564.2212815200054,0.599086798173516,3.744292488584475,689.3695736783106,689.3695705573342,1464.2387217005532,187.8365169879321,339.3950952054651,566.5207382973656,0.23178945494030836,0.3987629267623872,0.2388936050243788,0.3601931931491371,3.9456092587731604,5.2316486037411885
tvm,quarkyonic,,,349.00932637089204,4.280134137208359,564.2212815200054,0.6027397654794521,3.767123534246575,694.7221620807404,694.7221591062553,1466.3022927486052,189.07654094702184,339.7131479860478,563.6149586311456,0.23168015876811493,0.4019418605211149,0.24226634274687145,0.36047342273258065,3.9683666551052914,5.248431877365517
tvm,quarkyonic,,,349.00932637089204,4.280134137208359,564.2212815200054,0.6063927327853881,3.7899545799086756,700.0822694753261,700.0822666388915,1468.3554133943517,190.31778518952763,340.0551695119914,560.7837151180739,0.23158914143674275,0.40508770285172824,0.24564223915001474,0.36075049363537337,3.990934298939221,5.265120272057768
tvm,quarkyonic,,,349.00932637089204,4.280134137208359,564.2212815200054,0.6100457000913242,3.812785625570776,705.4498581734241,705.449855467153,1470.398347973774,191.56033413563443,340.41986354222587,558.0235439595178,0.23151540125934472,0.4082009077136609,0.2490212085240943,0.36102449156722993,4.013315748940508,5.281715169964028
tvm,quarkyonic,,,349.00932637089204,4.280134137208359,564.2212815200054,0.6136986673972603,3.8356166712328768,710.8248914295541,710.8248888460486,1472.4313486335134,192.80426764428944,340.8060049932118,555.3311797768672,0.2314579931414093,0.41128186283455737,0.25240313114623064,0.36129553625102967,4.035514222320229,5.2982182802022155
tvm,quarkyonic,,,349.00932637089204,4.280134137208359,564.2212815200054,0.6173516347031963,3.858447716894977,716.2073333981058,716.207330930472,1474.4546560279753,194.0496612641375,341.2124353874167,552.703542368461,0.23141602489601604,0.4143311419882828,0.2557880078149085,0.3615636268882878,4.057533610849243,5.314630142181753
tvm,quarkyonic,,,349.00932637089204,4.280134137208359,564.2212815200054,0.6210046020091324,3.8812787625570775,721.5971490926179,721.5971467343975,1476.4684999681008,195.29658646731366,341.6380591758416,550.1377253413937,0.2313886541996817,0.4173492527169129,0.25917580658227535,0.3618287954268571,4.079377467337567,5.3309516132225525
tvm,quarkyonic,,,349.00932637089204,4.280134137208359,564.2212815200054,0.6246575693150684,3.904109808219178,726.9943043473199,726.9943020924053,1478.4731000281872,196.54511086891614,342.0818397597423,547.630984660655,0.2313750853858758,0.4203364755828073,0.26256636113201903,0.3620912081830494,4.101048373810655,5.347184844692087
tvm,quarkyonic,,,349.00932637089204,4.280134137208359,564.2212815200054,0.6283105366210046,3.9269408538812782,732.3987657805835,732.398763623333,1480.468666114524,197.7952984336664,342.54279613527655,545.1807285891459,0.23137456670006862,0.42329298398303983,0.26595944191429005,0.3623510947067145,4.122548432044885,5.36333258726871
tvm,quarkyonic,,,349.00932637089204,4.280134137208359,564.2212815200054,0.6319635039269407,3.949771899543379,737.8105007608872,737.8104986959502,1482.4553990006677,199.0472096719227,343.0199995309544,542.7845079652097,0.23138638758520916,0.4262196196046889,0.26935524424778695,0.3626082596791537,4.1438823372734515,5.3793934975336715
tvm,quarkyonic,,,349.00932637089204,4.280134137208359,564.2212815200054,0.6356164712328767,3.972602945205479,743.2294773741176,743.2294753965093,1484.433490822961,200.30090182028198,343.51257047120777,540.4400074858222,0.23140987628941628,0.42911672924190225,0.2727536611877317,0.362862810045145,4.165052758662766,5.395369142637435
tvm,quarkyonic,,,349.00932637089204,4.280134137208359,564.2212815200054,0.6392694385388128,3.9954339908675798,748.6556643930484,748.655662498062,1486.4031255524665,201.55642901619967,344.01967611331247,538.1450377162455,0.23144439768683023,0.43198459345703966,0.27615454851669907,0.3631148900221137,4.186062053919336,5.411261440160779
tvm,quarkyonic,,,349.00932637089204,4.280134137208359,564.2212815200054,0.6429224058447488,4.01826503652968,754.0890312482504,754.0890294314667,1488.3644794393176,202.8138424635266,344.54052724812686,535.8975268491819,0.23148935090006909,0.4348239467718936,0.27955805797749483,0.36336434786725397,4.206914315277312,5.427069468700942
tvm,quarkyonic,,,349.00932637089204,4.280134137208359,564.2212815200054,0.6465753731506849,4.041096082191781,759.5295480006655,759.5295462579452,1490.3177214211964,204.07319058304336,345.07437556819605,533.6955131567873,0.2315441671317753,0.43763478918646426,0.2829638771219595,0.36361149602872544,4.227610698613935,5.442796746754176
tvm,quarkyonic,,,349.00932637089204,4.280134137208359,564.2212815200054,0.6502283404566209,4.063927127853881,764.9771853155487,764.9771836430355,1492.2630135094244,205.33451915599358,345.62051219406135,531.5371396321335,0.23160830836465585,0.44041757466018505,0.2863719886792221,0.36385635177739883,4.24815410044011,5.458443959659233
tvm,quarkyonic,,,349.00932637089204,4.280134137208359,564.2212815200054,0.653881307762557,4.086758173515982,770.4319144379755,770.4319128320327,1494.200511158723,206.59787146391432,346.1782645807691,529.4206463330747,0.23168126499455866,0.44317258375541513,0.28978226863050216,0.3640990391320549,4.268546694710009,5.474012806660375
tvm,quarkyonic,,,349.00932637089204,4.280134137208359,564.2212815200054,0.6575342750684933,4.1095892191780825,775.8937071694968,775.8937056266286,1496.130363607699,207.863288416121,346.746994922215,527.3443652592794,0.23176255449163227,0.44590055099394765,0.2931948955504471,0.3643393795180462,4.288792380185882,5.489502101897153
tvm,quarkyonic,,,349.00932637089204,4.280134137208359,564.2212815200054,0.6611872423744292,4.132420264840182,781.3625358458628,781.3625343628174,1498.0527142008605,209.13080867117833,347.3260979512493,525.3067144852126,0.23185171967498566,0.4486021037322897,0.2966099878901202,0.36457725448430894,4.30889458669336,5.50491123819405
tvm,quarkyonic,,,349.00932637089204,4.280134137208359,564.2212815200054,0.6648402096803653,4.155251310502283,786.8383733160888,786.8383718899114,1499.9677006896522,210.4004687503724,347.91499932879236,523.3061933724784,0.23194832739986912,0.4512766146139342,0.3000268390837734,0.36481337059659186,4.3288518430336715,5.520247433114634
tvm,quarkyonic,,,349.00932637089204,4.280134137208359,564.2212815200054,0.6684931769863013,4.178082356164383,792.3211929228837,792.3211915506456,1501.875455518871,211.67230314691278,348.5131538880229,521.3413777223408,0.23205196716369392,0.45392527212010714,0.30344594727394175,0.36504722971235953,4.348669683464316,5.535506460256355
tvm,quarkyonic,,,349.00932637089204,4.280134137208359,564.2212815200054,0.6721461442922374,4.200913401826484,797.8109684832855,797.8109671623008,1503.776106101063,212.94634443232326,349.1200438917288,519.4109151058933,0.2321622497360427,0.45654824964788254,0.3068671456841941,0.3652789986080433,4.368349669109855,5.550690402685832
tvm,quarkyonic,,,349.00932637089204,4.280134137208359,564.2212815200054,0.6757991115981736,4.223744447488585,803.3076742710361,803.307672998744,1505.6697750613987,214.2226233479712,349.7351778864998,517.5135212288505,0.23227880620253413,0.4591458277596199,0.31029034249395915,0.3655087691042145,4.3878937450442805,5.565800624411721
tvm,quarkyonic,,,349.00932637089204,4.280134137208359,564.2212815200054,0.6794520789041095,4.246575493150685,808.8112849994051,808.8112837734329,1507.5565804786925,215.50116889838523,350.3580886524852,515.6479750824795,0.2324012864188729,0.46171846041475256,0.31371556779720844,0.3657365111069011,4.407304491171638,5.580837332687402
tvm,quarkyonic,,,349.00932637089204,4.280134137208359,564.2212815200054,0.6831050462100458,4.2694065388127855,814.3217758051071,814.3217746231879,1509.4366361063398,216.78200843536945,350.9883325355261,513.8131162737772,0.23252935839752534,0.46426642817564,0.3171427398726935,0.36596230633735227,4.426583789019874,5.595801786000931
tvm,quarkyonic,,,349.00932637089204,4.280134137208359,564.2212815200054,0.6867580135159816,4.2922375844748855,819.8391222328555,819.8391210928137,1511.3100515998296,218.06516775062096,351.6254877859611,512.0078409944588,0.23266270704263525,0.46679018500171543,0.32057190018053566,0.366186113335446,4.445734154710065,5.610694077692137
tvm,quarkyonic,,,349.00932637089204,4.280134137208359,564.2212815200054,0.6904109808219178,4.315068630136986,825.3633002205682,825.3632991204502,1513.1769326937385,219.35067113773493,352.26915352788365,510.23109903106644,0.2328010333205242,0.4692895039132624,0.32400262668618673,0.36640835413573103,4.4647554751277445,5.625518651120344
tvm,quarkyonic,,,349.00932637089204,4.280134137208359,564.2212815200054,0.694063948127854,4.337899675799087,830.8942860857796,830.8942850236408,1515.0373814053046,220.63854147581037,352.91894867700194,508.4818907954437,0.2329440533999528,0.4717656269741497,0.3274355136486908,0.3666284344791632,4.483653218440502,5.640270397608314
tvm,quarkyonic,,,349.00932637089204,4.280134137208359,564.2212815200054,0.6977169154337899,4.360730721461187,836.4320565119915,836.4320554860777,1516.8914962105634,221.92880029770288,353.574510622652,506.7592641104666,0.23309149764893364,0.4742179930596585,0.3308699153607873,0.3668470000730026,4.502425948268863,5.654955843984317
tvm,quarkyonic,,,349.00932637089204,4.280134137208359,564.2212815200054,0.7013698827397261,4.383561767123288,841.9765885364197,841.9765875449448,1518.7393722078002,223.22146785264522,354.2354947664522,505.062312317603,0.2332431102062614,0.47664733669158166,0.33430608664357736,0.36706379609614875,4.521077142356106,5.669573061749537
tvm,quarkyonic,,,349.00932637089204,4.280134137208359,564.2212815200054,0.705022850045662,4.406392812785388,847.5278595374501,847.5278585789112,1520.5811012827999,224.5165631730598,354.90157297861157,503.3901709081142,0.23339864784535846,0.479054392391712,0.3377442930508977,0.3672785569947643,4.5396102430193475,5.684120031581076
tvm,quarkyonic,,,349.00932637089204,4.280134137208359,564.2212815200054,0.7086758173515982,4.429223858447489,853.0858472237983,853.085846296644,1522.4167722497302,225.8141041272155,355.57243308688606,501.74201571559263,0.2335578795295613,0.481438706200616,0.34118396862141753,0.3674918487301807,4.558024165186945,5.6986024976210565
tvm,quarkyonic,,,349.00932637089204,4.280134137208359,564.2212815200054,0.7123287846575344,4.452054904109589,858.6505296231007,858.6505287258601,1524.2464710036193,227.11410748268372,356.2477781743242,500.1170608956889,0.23372058584446498,0.4838007320777273,0.3446251874973529,0.3677035971601815,4.576321247911884,5.713020211630872
tvm,quarkyonic,,,349.00932637089204,4.280134137208359,564.2212815200054,0.7159817519634702,4.474885949771689,864.2218850715497,864.2218842029124,1526.0702806462016,228.41658895353976,356.9273254748165,498.5145564059391,0.233886558175865,0.48614120454483845,0.34806823133164516,0.3679135206318251,4.594504862279698,5.727370995546221
tvm,quarkyonic,,,349.00932637089204,4.280134137208359,564.2212815200054,0.7196347192694065,4.49771699543379,869.7998922042002,869.7998913628246,1527.8882816218756,229.72156325714968,357.61080577260407,496.9337862626482,0.23405559822279348,0.4884602969990236,0.35151298870514325,0.3681217305642632,4.612576237071933,5.741656332468897
tvm,quarkyonic,,,349.00932637089204,4.280134137208359,564.2212815200054,0.7232876865753424,4.52054804109589,875.3845299450691,875.3845291298028,1529.7005518250294,231.02904415274725,358.2979623719823,495.374066256359,0.23422751723826613,0.49075788962585143,0.3549591386560793,0.36832854791926306,4.630535482814354,5.755879640430912
tvm,quarkyonic,,,349.00932637089204,4.280134137208359,564.2212815200054,0.7269406538812786,4.543379086757991,880.9757774984314,880.9757767080881,1531.5071667233058,232.33904449361614,358.98855173859425,493.83474403568437,0.23440213636522406,0.49303455619918657,0.35840686266950267,0.36853379121177593,4.648385302326225,5.770039663416417
tvm,quarkyonic,,,349.00932637089204,4.280134137208359,564.2212815200054,0.7305936211872147,4.566210132420092,886.5736143398983,886.5736135733745,1533.3081994671966,233.65157627141286,359.6823412776145,492.3151952697461,0.23457928510562923,0.49529023048724063,0.36185588303032334,0.36873773815689137,4.666125976364491,5.784139399585239
tvm,quarkyonic,,,349.00932637089204,4.280134137208359,564.2212815200054,0.7342465884931507,4.589041178082192,892.178020208266,892.1780194644941,1535.103720988216,234.9666506542451,360.3791091983101,490.81482276668675,0.23475880116186396,0.49752571324359474,0.36530655763673103,0.3689400308564197,4.68376101860468,5.798175956251474
tvm,quarkyonic,,,349.00932637089204,4.280134137208359,564.2212815200054,0.7378995557990868,4.611872223744292,897.7889750974089,897.7889743754542,1536.8938000965218,236.28427802613965,361.0786445289111,489.33305582206447,0.23494053037772308,0.49974156559296795,0.36875907926539125,0.3691404765336956,4.701293019642893,5.812147977771066
tvm,quarkyonic,,,349.00932637089204,4.280134137208359,564.2212815200054,0.7415525231050227,4.634703269406392,903.4064592488795,903.4064585478773,1538.6785035642422,237.60446801764715,361.7807463396086,487.86934851865,0.23512432616792173,0.5019368260338506,0.37221251978472875,0.369340003320294,4.718718868705227,5.826064447360837
tvm,quarkyonic,,,349.00932637089204,4.280134137208359,564.2212815200054,0.745205490410959,4.657534315068493,909.0304531448173,909.0304524637747,1540.457896233754,238.92722955653403,362.48522275030706,486.4231777873873,0.23531004880856699,0.5041126294648264,0.375667499262694,0.36953799114826497,4.736043273671247,5.8399200468370225
tvm,quarkyonic,,,349.00932637089204,4.280134137208359,564.2212815200054,0.7488584577168951,4.680365360730594,914.6609375004996,914.6609368385508,1542.2320410773154,240.25257088418687,363.1918912652697,484.9940432969963,0.23549756560080579,0.5062695370106136,0.37912422467481466,0.3697342330420804,4.753268775424023,5.853713281465146
tvm,quarkyonic,,,349.00932637089204,4.280134137208359,564.2212815200054,0.7525114250228311,4.703196406392694,920.2978932579891,920.2978926143995,1544.000999291232,241.58049959892048,363.90057763585844,483.5814653907982,0.23568675007523032,0.5084065335870607,0.38258172508051685,0.3699296999423142,4.770392038627057,5.86745348185914
tvm,quarkyonic,,,349.00932637089204,4.280134137208359,564.2212815200054,0.7561643923287672,4.726027452054795,925.9413015798486,925.9413009539096,1545.7648303588091,242.91102267753922,364.61111585537134,482.1849845805021,0.23587748193930402,0.5105253688001123,0.38604110526715674,0.37012328706161046,4.787419997119743,5.881130888038242
tvm,quarkyonic,,,349.00932637089204,4.280134137208359,564.2212815200054,0.7598173596347032,4.748858497716895,931.5911438430983,931.5911432339667,1547.5235921334483,244.2441465132813,365.3233476255127,480.80416035920655,0.23606964668103725,0.5126254279424072,0.3895016991408096,0.3703156604938936,4.80435078109575,5.894752012765866
tvm,quarkyonic,,,349.00932637089204,4.280134137208359,564.2212815200054,0.7634703269406393,4.771689543378995,937.2474016327826,937.2474010398911,1549.277340904329,245.57987694206133,366.03712202959946,479.43857031926177,0.2362631353118092,0.5147068717618732,0.3929634236626311,0.3705069032780082,4.821185394253403,5.908317999400222
tvm,quarkyonic,,,349.00932637089204,4.280134137208359,564.2212815200054,0.7671232942465754,4.794520589041096,942.9100567372078,942.9100561598364,1551.0261314421941,246.9182192546216,366.75229506805897,478.08780911582414,0.23645784402551676,0.5167700470526584,0.3964263408629931,0.37069695338358233,4.837925517181207,5.921828657935528
tvm,quarkyonic,,,349.00932637089204,4.280134137208359,564.2212815200054,0.7707762615525114,4.817351634703196,948.5790911418403,948.579090579403,1552.7700170771855,248.25917823417933,367.4687294104759,476.7514877408312,0.2366536739949234,0.5188155685221243,0.3998907243407238,0.37088553721178763,4.854573806062309,5.935281865542706
tvm,quarkyonic,,,349.00932637089204,4.280134137208359,564.2212815200054,0.7744292288584476,4.840182680365297,954.2544870246118,954.2544864764571,1554.509049757827,249.60275818097477,368.1862942732327,475.42923297970054,0.23685053125331854,0.5208432754223429,0.403356256141433,0.37107297271701456,4.871130038658142,5.948680902940891
tvm,quarkyonic,,,349.00932637089204,4.280134137208359,564.2212815200054,0.7780821961643836,4.863013726027397,959.9362267506046,959.9362262161678,1556.243280103497,250.948962932825,368.9048650175504,474.1206865239887,0.23704832639856707,0.5228540094403923,0.4068233959387338,0.3712588002256498,4.887597682105066,5.96202194928114
tvm,quarkyonic,,,349.00932637089204,4.280134137208359,564.2212815200054,0.7817351634703197,4.885844771689498,965.624292867428,965.6242923462908,1557.9727574485291,252.29779588003998,369.62432204382344,472.8255032087437,0.23724697384898577,0.524846982471837,0.4102913416395255,0.37144382183079416,4.90397418395739,5.975312681508087
tvm,quarkyonic,,,349.00932637089204,4.280134137208359,564.2212815200054,0.7853881307762557,4.908675817351598,971.3186681009097,971.31866779426,1559.6975682589307,253.64928991689305,370.33960428588375,471.5370525396793,0.2374432145196513,0.5268229826211126,0.4137605175707675,0.3716276132054882,4.92026279330751,5.988549591887482
tvm,quarkyonic,,,349.00932637089204,4.280134137208359,564.2212815200054,0.7890410980821918,4.9315068630136984,977.0193353502451,977.0193352434046,1561.4176986300026,255.00340024858156,371.0535718584224,470.2588658059621,0.23763889200435415,0.528782183285293,0.41723087454572644,0.37181022353646537,4.936464482518089,6.001733486022514
tvm,quarkyonic,,,349.00932637089204,4.280134137208359,564.2212815200054,0.7926940653881279,4.954337908675799,982.7262776839963,982.7262777206695,1563.1331921621188,256.3601271174423,371.76618284978395,468.99074823747486,0.237833976473597,0.5307248650267375,0.42070245086061003,0.3719916145275179,4.952580608362677,6.014864370598252
tvm,quarkyonic,,,349.00932637089204,4.280134137208359,564.2212815200054,0.7963470326940639,4.977168954337899,988.4394783360082,988.4394784182745,1564.8440914780901,257.719470459141,372.47739626590106,467.7325097901097,0.23802843893162134,0.5326512012425204,0.42417520357040983,0.3721718291236541,4.968612124607757,6.0279429863716185
tvm,quarkyonic,,,349.00932637089204,4.280134137208359,564.2212815200054,0.8,5.0,994.1589207013936,994.1589206897502,1566.5504382769163,259.0814299317831,373.18717751134767,466.48397188918455,0.2382222547023922,0.5345610721182104,0.4276488576945683,0.37235114230543176,4.984558902842268,6.040972168695701
