K0_MeV,y_0.111,y_0.167,y_0.222,y_0.278,y_0.333,y_0.389,y_0.444,y_0.500
250,0.05835761000046036,0.10664731146876005,0.14820244549235706,0.18224652782632755,0.20855019665640706,0.22717618856970467,0.23827000268179077,0.24195297898799217
255,0.05924922557872164,0.10839159104493595,0.15056642054641856,0.18504147454093622,0.21163087492998134,0.23043391606183283,0.2416234371213295,0.24533654950234518
260,0.06014442126927466,0.11013650611772591,0.15292584327020753,0.18782622330652798,0.21469685350209478,0.2336738669029016,0.2449571712108941,0.24869979692931865
265,0.06104325753684359,0.11188237978785548,0.1552807341704613,0.1906013099844912,0.21774860058091117,0.23689643237839653,0.24827168203526195,0.2520432185275464
270,0.06194580746342193,0.11362851303421884,0.1576313399456949,0.19336702882616486,0.22078653024809436,0.2401020233598159,0.25156743303427564,0.25536729705122163
275,0.06285213599601314,0.11537570681106413,0.15997750470328054,0.19612314250504392,0.22381065782223675,0.24329102138840164,0.2548448598266104,0.2586724865162272
280,0.06376230619384271,0.11712377507765098,0.16231958228921084,0.19887004584271528,0.22682156303331247,0.2464636715038928,0.2581047357015954,0.2619592315782836
285,0.06467639184194068,0.11887272178547531,0.16465757560311156,0.20160801788578764,0.2298194165685461,0.24962054720580573,0.2613466418840862,0.2652279492483177
290,0.06559441035292968,0.12062259486887927,0.1669915808583584,0.20433704162993382,0.23280448737803772,0.2527618978070323,0.2645715660791854,0.26847904841760006
295,0.06651642662115487,0.12237338648404339,0.16932166546681804,0.20705737169884786,0.23577741764030058,0.25588804968779344,0.267779757646747,0.27171291660466934
300,0.06744248521235252,0.12412519440090652,0.17164782923438437,0.20976927727334516,0.2387376766469641,0.2589993175868993,0.270971368191138,0.274929927355984
305,0.06837262697859431,0.12587805026983256,0.17396994672530885,0.2124726920015172,0.2416858881374263,0.26209600646501485,0.2741471639659451,0.27813044202555837
310,0.06930688922051537,0.12763188307119144,0.1762891164400764,0.21516797358546358,0.24462227729994046,0.2651787929135543,0.27730752087162414,0.28131480519817653
315,0.07024530630093229,0.12938675127905042,0.17860421906002522,0.21785504278590961,0.24754706369767587,0.26824736979762553,0.28045239052207105,0.2844833515035282
