central_energy_density_at_max_mass_mev_fm3,central_pressure_at_max_mass_mev_fm3,max_mass_at_upper_eos_boundary,max_mass_msun,model,parameter_name,parameter_value,points,radius_at_max_mass_km,branch_mode,target_k0
1020.3387371003878,359.85538173804923,True,2.665952573999628,clausius,c,4.735852852404118,12,12.272590905338005,target_l,250.0
1029.877020583138,342.07753932360606,True,2.644765202254721,clausius,c,4.735852852404118,12,12.611974543320144,equal_b,250.0
1024.7676822857409,352.8166541846514,True,2.688424148713727,clausius,c,4.624418225347997,12,12.379244860056021,target_l,255.0
1033.0134014020591,336.94869216149596,True,2.6589519443369185,clausius,c,4.624418225347997,12,12.698996514971869,equal_b,255.0
1028.7176079162243,346.52469820121235,True,2.7091963407129733,clausius,c,4.516312366902829,12,12.48041814634178,target_l,260.0
1035.8486734101157,332.319703886456,True,2.6721242721240546,clausius,c,4.516312366902829,12,12.783749085443814,equal_b,260.0
1032.2588341571798,340.87719263712455,True,2.7283927626314313,clausius,c,4.411374180734159,12,12.575227678171235,target_l,265.0
1038.4224961292207,328.1248311258014,True,2.6843691095760085,clausius,c,4.411374180734159,12,12.862980575696342,equal_b,265.0
1035.4492128214715,335.78762486446817,True,2.746178060909128,clausius,c,4.309453023970127,12,12.667570951509978,target_l,270.0
1040.7681461435345,324.30881662091934,True,2.6957670371868403,clausius,c,4.309453023970127,12,12.937943107013927,equal_b,270.0
1038.336550107805,331.18296014917405,True,2.7626323229594765,clausius,c,4.210408302247524,12,12.753318510091642,target_l,275.0
1042.9136506700866,320.8249938097806,True,2.7063921252573713,clausius,c,4.210408302247524,12,13.00896263566814,equal_b,275.0
1040.9605635108385,327.0014175676958,True,2.7778248224346305,clausius,c,4.1141081135869,12,12.836247055564959,target_l,280.0
1044.8827615663686,317.6337480884329,True,2.7163090490829274,clausius,c,4.1141081135869,12,13.075170246797096,equal_b,280.0
1043.3545043876527,323.190652769983,True,2.7919934528874144,clausius,c,4.020429107129573,12,12.914257969443655,target_l,285.0
1046.6956961999188,314.7012953563705,True,2.7255826920341906,clausius,c,4.020429107129573,12,13.14089662545737,equal_b,285.0
1045.5463793281865,319.7061343772801,True,2.805057550216691,clausius,c,3.929255287110805,12,12.988528799447591,target_l,290.0
1048.369767008703,311.99867245976327,True,2.7342588600052995,clausius,c,3.929255287110805,12,13.200951730875374,equal_b,290.0
1047.559901484293,316.50983240272194,True,2.817278878148805,clausius,c,3.8404778339266774,12,13.058984018019567,target_l,295.0
1049.9198804944976,309.50095925187804,True,2.7423937857161365,clausius,c,3.8404778339266774,12,13.26068002060182,equal_b,295.0
1049.4153096139162,313.56916355343037,True,2.828557133296654,clausius,c,3.7539943789839736,12,13.124959247045478,target_l,300.0
1051.3589038471114,307.1865849547665,True,2.750026389172221,clausius,c,3.7539943789839736,12,13.316325916972467,equal_b,300.0
1051.1299254322876,310.8560597545339,True,2.83917854037818,clausius,c,3.6697084961533557,12,13.190574271187332,target_l,305.0
1052.6980152571496,305.0368151246137,True,2.7571965930116864,clausius,c,3.6697084961533557,12,13.369300746406367,equal_b,305.0
1052.718687498137,308.3462746750104,True,2.8489229679257693,clausius,c,3.5875294004082683,12,13.25052289225911,target_l,310.0
1053.9469931268206,303.03533560127124,True,2.7639418903376334,clausius,c,3.5875294004082683,12,13.420147168929647,equal_b,310.0
1054.1945285805305,306.0187631802113,True,2.858200410299899,clausius,c,3.5073713827729227,12,13.310399910748385,target_l,315.0
1055.1143673242063,301.16783339397534,True,2.770294915805308,clausius,c,3.5073713827729227,12,13.4690996016791,equal_b,315.0
