energy_density,pressure
5.856410626651504e-09,6.081726571215682e-15
1.4708341631302916e-08,3.1007817739942025e-14
3.695036091738837e-08,1.5173108882004644e-13
9.278259747587728e-08,7.183977097156456e-13
2.3313450732149092e-07,3.286778748360199e-12
5.856410626651504e-07,1.4467818341623514e-11
1.4708341631302916e-06,6.088592231343286e-11
3.695597050611122e-06,2.4410542508235357e-10
4.6520319278564104e-06,3.2824096919153603e-10
9.283869336310576e-06,8.956565711919648e-10
1.852286196283838e-05,2.3923704790096172e-09
3.696158009483407e-05,6.278958262154122e-09
7.376609170542843e-05,1.625288997480053e-08
0.0001471956080874861,4.166831546534883e-08
0.0001853408114028407,5.45383074500027e-08
0.0002937741614154591,1.0167418498060699e-07
0.00046565195988346875,1.8905531387738406e-07
0.0005862020215374351,2.5771191515342314e-07
0.000738221875926569,3.143224036601209e-07
0.0009295088513756267,4.2816753159420753e-07
0.0014730779986194301,7.939199711192887e-07
0.002335832744193186,1.4704995691486195e-06
0.003702889515950822,2.722546316055296e-06
0.0046626901464298185,3.5339425129539406e-06
0.005867629804097197,4.80721039116412e-06
0.007393437936711382,6.541101648844453e-06
0.00930630769120196,8.894150619850522e-06
0.011724040430748702,1.209604484299671e-05
0.014758827929808533,1.5622497544902353e-05
0.01858456743878969,2.1246097340330647e-05
0.023403204151714634,2.8885704609591727e-05
0.029472779149834295,3.713073827192334e-05
0.03711864857907376,5.048756797471639e-05
0.04673909323875511,6.86566012760391e-05
0.05884458570265736,9.331056264334405e-05
0.07415876291602767,0.0001268898821765341
0.09334355634816191,0.00016209199410352143
0.10344081604928519,0.00018050444626391374
0.1175769796308578,0.00020534565290742605
0.1480931422831415,0.00027918270682520264
0.18651882503463843,0.00036300617547403946
0.23492957571280174,0.0004704849640170752
0.2411562191951611,0.00048714979359953204
0.2501876570389436,0.0004924550764254077
0.29326929843040295,0.0005212908489613442
0.3707938145801384,0.0005678525076449125
0.44674764588747684,0.0006136027701315823
0.545700790958485,0.0006759554471086396
0.6709068112524137,0.0007602158214019603
0.8251705011306861,0.0008731871380470792
1.0125307644737516,0.0010223592080922915
1.2352314367707484,0.001217094295347966
1.6436094957939567,0.001617799186431758
2.150155357466975,0.002188273127943574
2.7672101169800642,0.0029778240426180233
3.5048710340343487,0.004045122117000087
4.376040162692374,0.005460072254207183
5.391375721527549,0.007302565772087797
6.989547548666451,0.010579358105716934
8.391944729378018,0.013787493838070037
9.973848749220666,0.017775818221287217
12.397191077490254,0.024535372692373613
16.76145110386465,0.03856004388030633
21.131320718961895,0.05476300178145156
28.502320300781893,0.08650731760780928
34.74018296058694,0.11746520327409601
43.373340005047346,0.16614897508801466
55.11981879068744,0.24323161379338584
70.7930096823199,0.3658148546171502
76.04964222080567,0.4119302097506804
76.73192303991146,0.4228467009674403
83.05937707141698,0.5350266205552288
89.3960855465521,0.6677897874893262
95.74291516166012,0.8231191827992461
102.1007513256612,1.003076429222844
108.47049953908994,1.2100434439449543
114.853087452234,1.4461496608295477
121.24946747511255,1.712719783170968
127.6606125291836,2.010688039243206
134.08731420105093,2.341302440791054
140.53035638244612,2.7067827532622744
146.9906840219165,3.110627422423761
153.46932396746035,3.5572566860368795
159.967371103747,4.050751055267597
166.48598607689104,4.594944695342662
173.02639705329537,5.194052714449185
179.58990362373922,5.852641294881579
186.1778820364419,6.575669784050888
192.79179159824383,7.368541647517134
199.4331819792372,8.237159023480217
206.1037013750861,9.187981097815026
212.8051056061344,10.228085701830224
219.5392679526365,11.365234719619508
226.3081898286784,12.607941470837602
233.11401213036527,13.9655385630152
239.95902723063955,15.448243921013985
246.8456912960725,17.067219071709758
253.77663671907092,18.834613881109192
260.754684117102,20.763586551546894
267.7828531316539,22.86828486719031
274.86437112501625,25.16376758531959
282.0026781516327,27.66583899093547
289.2014263859993,30.3907605757712
296.4644713365579,33.3547958045699
303.79585162520016,36.57353851700856
311.19975342167567,40.0609765391759
318.6804552271108,43.82825579542839
326.2422487985965,47.882150557507714
333.8893332300307,52.223312287282
341.6256814346106,56.8444702213256
349.454883207284,61.72887104341101
357.3799743016187,66.84933479328566
365.4032680140265,72.16831159148802
373.52621056478887,77.63920073245487
381.7492827120487,83.20894488634883
390.0719651552474,88.82158865130566
398.4927751660971,94.4222263726653
407.00936900218994,99.9606608778945
415.6186933706535,105.3941956053598
424.317163178856,110.68924152264492
433.1008428908728,115.82172649783
441.9656132225824,120.77653244043512
450.90731206666334,125.54630162783872
459.9218450575438,130.12995084971033
469.005266088154,134.5311613723133
478.1538312962056,138.75700797770753
487.3640312205167,142.81680875661834
496.6326063264065,146.7212157481406
505.956550094634,150.48152773829293
515.3331037261806,154.10919202559046
524.759745314938,157.61545926541805
534.234175610066,161.01115461963445
543.7543020877606,164.30653625795128
553.3182224908492,167.51121656473742
562.924208319592,170.6341278883059
572.5706891743404,173.68351900131984
582.2562377598176,176.6669707489708
591.9795560981912,179.59142667970752
601.7394628491412,182.4632284554536
611.5348816295414,185.2881580469408
621.3648305863502,188.07147772070584
631.2284128095685,190.8179726991233
641.1248078388859,193.53199138613013
651.0532639124206,196.21748324588884
661.0130911657084,198.878034682151
671.0036553819864,201.5169011683182
681.0243725150457,204.13703891140483
691.0747036825624,206.7411314720549
701.1541507978475,209.3316166615391
711.2622526175032,211.91070833918536
721.3985811290647,214.48041850683703
731.5627384476588,217.0425748069025
741.7543539127145,219.59883899772888
751.9730816032371,222.1507216151192
762.2185979670543,224.69959681190772
772.4905998426062,227.2467145673912
782.7888025422827,229.7932118299757
793.1129382999578,232.34012395483387
803.4627546339665,234.8883928393277
813.8380131146769,237.4388759070705
824.2384881215861,239.99235335412936
834.6639657223716,242.54953612372609
845.1142427025658,245.1110703619879
855.5891256841963,247.6775448545502
866.0884302981208,250.24949522080945
876.6119804628795,252.82740870401503
887.1596077295068,255.4117284535671
897.7311506446852,258.0028572087333
908.3264542614942,260.60116087797644
918.9453695940916,263.2069716388156
929.5877531790024,265.82059131033725
940.2534666853508,268.44229259712085
950.9423765139728,271.072322897953
961.6543534786028,273.7109062120711
972.3892724504966,276.35824414386525
983.1470121453146,279.01344742401113
993.927454816205,281.67356972107143
1004.7304859891108,284.34917993944
1015.55599432289,287.0455756874517
1103.1050680052006,308.86201608167744
1192.04077924151,331.358701979947
1282.3196649354338,354.53122929191795
1373.9030919563468,378.3602258477636
1466.755913394174,402.78289624368585
1560.8456754041758,427.8185149431579
1656.1421193128012,453.44701619589046
1752.6168491453686,479.64845474802064
1850.243095571372,506.40349388397385
1948.995538751178,533.6936568803503
2048.85016858234,561.5014396394658
2149.7841706666736,589.810342370185
2251.7758292791686,618.6048530631379
2354.8044441045768,647.8704069308378
2458.8502565527187,677.5933315390466
2563.89438404317,707.7607889735646
2669.918761327974,738.3607141784169
2776.9060868351453,769.3817589582309
2884.8397741558665,800.8132345771705
2993.703907464396,832.645060251848
3103.483200857827,864.8677170950705
3214.162960478872,897.4722020906229
3325.72905033345,930.4499915117572
3438.1678600826167,963.7930018794608
3551.466275403712,997.4935584082192
3665.611651010711,1031.5443638805705
3780.591784566199,1065.9466893502065
3896.394893674261,1100.6789974043086
4013.009593607297,1135.73407389269
4130.424876748004,1171.1050192062612
