model_key,K0_MeV,branch_mode,directory,parameter_value,J,L,b_n,b_pn,a_n,a_pn,fit_ok,eos_ok,tov_ok,density_points_cached,maximum_mass_msun,radius_at_maximum_mass_km,maximum_at_eos_boundary,maximum_vs2,integration_warning_count
dieterici_vdw,250,target_l,/home/dajuarez4/QMM/Paper/empirical_asymmetric_lambda300/runs/681f9e1862ace758/dieterici_vdw_K0_250_target_l,1.6667633215586348,32.50000000322416,58.899999951154314,1.600462374059911,2.952226577910145,56.99359303567928,148.385949389673,True,True,True,0,2.663858941759705,13.5475,False,1.5476559397247849,33.0
dieterici_vdw,250,equal_b,/home/dajuarez4/QMM/Paper/empirical_asymmetric_lambda300/runs/681f9e1862ace758/dieterici_vdw_K0_250_equal_b,1.6667633215586348,32.50000000220302,81.9001887961349,2.276344475985028,2.276344475985028,67.1211377864147,138.25840463893758,True,True,True,0,2.578545492336279,13.855,False,0.6558726163231767,36.0
dieterici_vdw,255,target_l,/home/dajuarez4/QMM/Paper/empirical_asymmetric_lambda300/runs/681f9e1862ace758/dieterici_vdw_K0_255_target_l,,,,,,,,False,False,False,0,,,False,,
dieterici_vdw,255,equal_b,/home/dajuarez4/QMM/Paper/empirical_asymmetric_lambda300/runs/681f9e1862ace758/dieterici_vdw_K0_255_equal_b,,,,,,,,False,False,False,0,,,False,,
dieterici_vdw,260,target_l,/home/dajuarez4/QMM/Paper/empirical_asymmetric_lambda300/runs/681f9e1862ace758/dieterici_vdw_K0_260_target_l,,,,,,,,False,False,False,0,,,False,,
dieterici_vdw,260,equal_b,/home/dajuarez4/QMM/Paper/empirical_asymmetric_lambda300/runs/681f9e1862ace758/dieterici_vdw_K0_260_equal_b,,,,,,,,False,False,False,0,,,False,,
dieterici_vdw,265,target_l,/home/dajuarez4/QMM/Paper/empirical_asymmetric_lambda300/runs/681f9e1862ace758/dieterici_vdw_K0_265_target_l,,,,,,,,False,False,False,0,,,False,,
dieterici_vdw,265,equal_b,/home/dajuarez4/QMM/Paper/empirical_asymmetric_lambda300/runs/681f9e1862ace758/dieterici_vdw_K0_265_equal_b,,,,,,,,False,False,False,0,,,False,,
dieterici_vdw,270,target_l,/home/dajuarez4/QMM/Paper/empirical_asymmetric_lambda300/runs/681f9e1862ace758/dieterici_vdw_K0_270_target_l,,,,,,,,False,False,False,0,,,False,,
dieterici_vdw,270,equal_b,/home/dajuarez4/QMM/Paper/empirical_asymmetric_lambda300/runs/681f9e1862ace758/dieterici_vdw_K0_270_equal_b,,,,,,,,False,False,False,0,,,False,,
dieterici_vdw,275,target_l,/home/dajuarez4/QMM/Paper/empirical_asymmetric_lambda300/runs/681f9e1862ace758/dieterici_vdw_K0_275_target_l,,,,,,,,False,False,False,0,,,False,,
dieterici_vdw,275,equal_b,/home/dajuarez4/QMM/Paper/empirical_asymmetric_lambda300/runs/681f9e1862ace758/dieterici_vdw_K0_275_equal_b,,,,,,,,False,False,False,0,,,False,,
dieterici_vdw,280,target_l,/home/dajuarez4/QMM/Paper/empirical_asymmetric_lambda300/runs/681f9e1862ace758/dieterici_vdw_K0_280_target_l,,,,,,,,False,False,False,0,,,False,,
dieterici_vdw,280,equal_b,/home/dajuarez4/QMM/Paper/empirical_asymmetric_lambda300/runs/681f9e1862ace758/dieterici_vdw_K0_280_equal_b,,,,,,,,False,False,False,0,,,False,,
dieterici_vdw,285,target_l,/home/dajuarez4/QMM/Paper/empirical_asymmetric_lambda300/runs/681f9e1862ace758/dieterici_vdw_K0_285_target_l,,,,,,,,False,False,False,0,,,False,,
dieterici_vdw,285,equal_b,/home/dajuarez4/QMM/Paper/empirical_asymmetric_lambda300/runs/681f9e1862ace758/dieterici_vdw_K0_285_equal_b,,,,,,,,False,False,False,0,,,False,,
dieterici_vdw,290,target_l,/home/dajuarez4/QMM/Paper/empirical_asymmetric_lambda300/runs/681f9e1862ace758/dieterici_vdw_K0_290_target_l,,,,,,,,False,False,False,0,,,False,,
dieterici_vdw,290,equal_b,/home/dajuarez4/QMM/Paper/empirical_asymmetric_lambda300/runs/681f9e1862ace758/dieterici_vdw_K0_290_equal_b,,,,,,,,False,False,False,0,,,False,,
dieterici_vdw,295,target_l,/home/dajuarez4/QMM/Paper/empirical_asymmetric_lambda300/runs/681f9e1862ace758/dieterici_vdw_K0_295_target_l,,,,,,,,False,False,False,0,,,False,,
dieterici_vdw,295,equal_b,/home/dajuarez4/QMM/Paper/empirical_asymmetric_lambda300/runs/681f9e1862ace758/dieterici_vdw_K0_295_equal_b,,,,,,,,False,False,False,0,,,False,,
dieterici_vdw,300,target_l,/home/dajuarez4/QMM/Paper/empirical_asymmetric_lambda300/runs/681f9e1862ace758/dieterici_vdw_K0_300_target_l,1.7103654766082763,32.5000000011878,58.90000006847913,1.7221141059555638,3.233766039855631,67.66356490345646,174.66766412362796,True,True,True,0,2.7136629285058453,13.97,False,1.4527824100405196,83.0
dieterici_vdw,300,equal_b,/home/dajuarez4/QMM/Paper/empirical_asymmetric_lambda300/runs/681f9e1862ace758/dieterici_vdw_K0_300_equal_b,1.7103654766082763,32.50000000741727,87.1589975329698,2.4779400729055974,2.4779400729055974,81.59590376426097,160.73532526282344,True,True,True,0,2.615220052767307,14.22,False,0.6212806708871342,26.0
dieterici_vdw,305,target_l,/home/dajuarez4/QMM/Paper/empirical_asymmetric_lambda300/runs/681f9e1862ace758/dieterici_vdw_K0_305_target_l,,,,,,,,False,False,False,0,,,False,,
dieterici_vdw,305,equal_b,/home/dajuarez4/QMM/Paper/empirical_asymmetric_lambda300/runs/681f9e1862ace758/dieterici_vdw_K0_305_equal_b,,,,,,,,False,False,False,0,,,False,,
dieterici_vdw,310,target_l,/home/dajuarez4/QMM/Paper/empirical_asymmetric_lambda300/runs/681f9e1862ace758/dieterici_vdw_K0_310_target_l,,,,,,,,False,False,False,0,,,False,,
dieterici_vdw,310,equal_b,/home/dajuarez4/QMM/Paper/empirical_asymmetric_lambda300/runs/681f9e1862ace758/dieterici_vdw_K0_310_equal_b,,,,,,,,False,False,False,0,,,False,,
dieterici_vdw,315,target_l,/home/dajuarez4/QMM/Paper/empirical_asymmetric_lambda300/runs/681f9e1862ace758/dieterici_vdw_K0_315_target_l,1.7226733598339532,32.50000000064722,58.89999992114099,1.755909418983733,3.306043774843606,70.96848348830827,182.72288820067092,True,False,False,0,,,False,,
dieterici_vdw,315,equal_b,/home/dajuarez4/QMM/Paper/empirical_asymmetric_lambda300/runs/681f9e1862ace758/dieterici_vdw_K0_315_equal_b,1.7226733598339532,32.50000000700936,88.6414477319704,2.5309765969136695,2.5309765969136695,86.09859821241002,167.59277347656916,True,False,False,0,,,False,,
dieterici_cs,250,target_l,/home/dajuarez4/QMM/Paper/empirical_asymmetric_lambda300/runs/a67ab23e290dd89e/dieterici_cs_K0_250_target_l,1.697808099667231,32.500000000007276,58.9000000474698,1.8833906313786526,3.8182971122139637,65.66265357113517,169.6299574837772,True,True,True,0,2.2678263100797564,11.75,False,0.6071860817831378,36.0
dieterici_cs,250,equal_b,/home/dajuarez4/QMM/Paper/empirical_asymmetric_lambda300/runs/a67ab23e290dd89e/dieterici_cs_K0_250_equal_b,1.697808099667231,32.50000000958346,85.56803894643963,2.8508438717963083,2.8508438717963083,80.39813292784754,154.89447812706481,True,True,True,0,2.448904140247801,13.1725,False,0.5640064269873296,32.0
dieterici_cs,255,target_l,/home/dajuarez4/QMM/Paper/empirical_asymmetric_lambda300/runs/a67ab23e290dd89e/dieterici_cs_K0_255_target_l,,,,,,,,False,False,False,0,,,False,,
dieterici_cs,255,equal_b,/home/dajuarez4/QMM/Paper/empirical_asymmetric_lambda300/runs/a67ab23e290dd89e/dieterici_cs_K0_255_equal_b,,,,,,,,False,False,False,0,,,False,,
dieterici_cs,260,target_l,/home/dajuarez4/QMM/Paper/empirical_asymmetric_lambda300/runs/a67ab23e290dd89e/dieterici_cs_K0_260_target_l,,,,,,,,False,False,False,0,,,False,,
dieterici_cs,260,equal_b,/home/dajuarez4/QMM/Paper/empirical_asymmetric_lambda300/runs/a67ab23e290dd89e/dieterici_cs_K0_260_equal_b,,,,,,,,False,False,False,0,,,False,,
dieterici_cs,265,target_l,/home/dajuarez4/QMM/Paper/empirical_asymmetric_lambda300/runs/a67ab23e290dd89e/dieterici_cs_K0_265_target_l,,,,,,,,False,False,False,0,,,False,,
dieterici_cs,265,equal_b,/home/dajuarez4/QMM/Paper/empirical_asymmetric_lambda300/runs/a67ab23e290dd89e/dieterici_cs_K0_265_equal_b,,,,,,,,False,False,False,0,,,False,,
dieterici_cs,270,target_l,/home/dajuarez4/QMM/Paper/empirical_asymmetric_lambda300/runs/a67ab23e290dd89e/dieterici_cs_K0_270_target_l,,,,,,,,False,False,False,0,,,False,,
dieterici_cs,270,equal_b,/home/dajuarez4/QMM/Paper/empirical_asymmetric_lambda300/runs/a67ab23e290dd89e/dieterici_cs_K0_270_equal_b,,,,,,,,False,False,False,0,,,False,,
dieterici_cs,275,target_l,/home/dajuarez4/QMM/Paper/empirical_asymmetric_lambda300/runs/a67ab23e290dd89e/dieterici_cs_K0_275_target_l,,,,,,,,False,False,False,0,,,False,,
dieterici_cs,275,equal_b,/home/dajuarez4/QMM/Paper/empirical_asymmetric_lambda300/runs/a67ab23e290dd89e/dieterici_cs_K0_275_equal_b,,,,,,,,False,False,False,0,,,False,,
dieterici_cs,280,target_l,/home/dajuarez4/QMM/Paper/empirical_asymmetric_lambda300/runs/a67ab23e290dd89e/dieterici_cs_K0_280_target_l,,,,,,,,False,False,False,0,,,False,,
dieterici_cs,280,equal_b,/home/dajuarez4/QMM/Paper/empirical_asymmetric_lambda300/runs/a67ab23e290dd89e/dieterici_cs_K0_280_equal_b,,,,,,,,False,False,False,0,,,False,,
dieterici_cs,285,target_l,/home/dajuarez4/QMM/Paper/empirical_asymmetric_lambda300/runs/a67ab23e290dd89e/dieterici_cs_K0_285_target_l,,,,,,,,False,False,False,0,,,False,,
dieterici_cs,285,equal_b,/home/dajuarez4/QMM/Paper/empirical_asymmetric_lambda300/runs/a67ab23e290dd89e/dieterici_cs_K0_285_equal_b,,,,,,,,False,False,False,0,,,False,,
dieterici_cs,290,target_l,/home/dajuarez4/QMM/Paper/empirical_asymmetric_lambda300/runs/a67ab23e290dd89e/dieterici_cs_K0_290_target_l,,,,,,,,False,False,False,0,,,False,,
dieterici_cs,290,equal_b,/home/dajuarez4/QMM/Paper/empirical_asymmetric_lambda300/runs/a67ab23e290dd89e/dieterici_cs_K0_290_equal_b,,,,,,,,False,False,False,0,,,False,,
dieterici_cs,295,target_l,/home/dajuarez4/QMM/Paper/empirical_asymmetric_lambda300/runs/a67ab23e290dd89e/dieterici_cs_K0_295_target_l,,,,,,,,False,False,False,0,,,False,,
dieterici_cs,295,equal_b,/home/dajuarez4/QMM/Paper/empirical_asymmetric_lambda300/runs/a67ab23e290dd89e/dieterici_cs_K0_295_equal_b,,,,,,,,False,False,False,0,,,False,,
dieterici_cs,300,target_l,/home/dajuarez4/QMM/Paper/empirical_asymmetric_lambda300/runs/a67ab23e290dd89e/dieterici_cs_K0_300_target_l,1.7497559572060901,32.50000000471334,58.900000012545206,2.0665476843959114,4.2747836224094,80.59193759554628,206.1348903974654,True,True,True,0,2.3126566985657697,12.0775,False,0.5842681902485343,31.0
dieterici_cs,300,equal_b,/home/dajuarez4/QMM/Paper/empirical_asymmetric_lambda300/runs/a67ab23e290dd89e/dieterici_cs_K0_300_equal_b,1.7497559572060901,32.50000000199691,91.78710731903266,3.1706656534026556,3.1706656534026556,101.74452654680152,184.98230144621016,True,True,True,0,2.49667904695462,13.6175,False,0.533529834395667,23.0
dieterici_cs,305,target_l,/home/dajuarez4/QMM/Paper/empirical_asymmetric_lambda300/runs/a67ab23e290dd89e/dieterici_cs_K0_305_target_l,,,,,,,,False,False,False,0,,,False,,
dieterici_cs,305,equal_b,/home/dajuarez4/QMM/Paper/empirical_asymmetric_lambda300/runs/a67ab23e290dd89e/dieterici_cs_K0_305_equal_b,,,,,,,,False,False,False,0,,,False,,
dieterici_cs,310,target_l,/home/dajuarez4/QMM/Paper/empirical_asymmetric_lambda300/runs/a67ab23e290dd89e/dieterici_cs_K0_310_target_l,,,,,,,,False,False,False,0,,,False,,
dieterici_cs,310,equal_b,/home/dajuarez4/QMM/Paper/empirical_asymmetric_lambda300/runs/a67ab23e290dd89e/dieterici_cs_K0_310_equal_b,,,,,,,,False,False,False,0,,,False,,
dieterici_cs,315,target_l,/home/dajuarez4/QMM/Paper/empirical_asymmetric_lambda300/runs/a67ab23e290dd89e/dieterici_cs_K0_315_target_l,1.7645351870938983,32.4999999980505,58.89999996779807,2.118556557512017,4.395679129486508,85.35258440929105,217.6399518613449,True,False,False,0,,,False,,
dieterici_cs,315,equal_b,/home/dajuarez4/QMM/Paper/empirical_asymmetric_lambda300/runs/a67ab23e290dd89e/dieterici_cs_K0_315_equal_b,1.7645351870938983,32.5000000059855,93.55195920625192,3.2571178434992625,3.2571178434992625,108.60669507733361,194.38584119330238,True,False,False,0,,,False,,
dieterici_tvm,250,target_l,/home/dajuarez4/QMM/Paper/empirical_asymmetric_lambda300/runs/bccac6b5e2391d02/dieterici_tvm_K0_250_target_l,1.7007690515518183,32.500000001328544,58.9000000051783,1.7970950017484755,3.6497595328579004,66.04351172725285,171.45894004344416,True,True,True,0,2.233978055507863,11.6075,False,0.5906481269465876,31.0
dieterici_tvm,250,equal_b,/home/dajuarez4/QMM/Paper/empirical_asymmetric_lambda300/runs/bccac6b5e2391d02/dieterici_tvm_K0_250_equal_b,1.7007690515518183,32.49999999238992,85.93252081436731,2.723427267303188,2.723427267303188,81.12091066599687,156.38154110470015,True,True,True,0,2.4031413124081853,12.955,False,0.5395213375445432,25.0
dieterici_tvm,255,target_l,/home/dajuarez4/QMM/Paper/empirical_asymmetric_lambda300/runs/bccac6b5e2391d02/dieterici_tvm_K0_255_target_l,,,,,,,,False,False,False,0,,,False,,
dieterici_tvm,255,equal_b,/home/dajuarez4/QMM/Paper/empirical_asymmetric_lambda300/runs/bccac6b5e2391d02/dieterici_tvm_K0_255_equal_b,,,,,,,,False,False,False,0,,,False,,
dieterici_tvm,260,target_l,/home/dajuarez4/QMM/Paper/empirical_asymmetric_lambda300/runs/bccac6b5e2391d02/dieterici_tvm_K0_260_target_l,,,,,,,,False,False,False,0,,,False,,
dieterici_tvm,260,equal_b,/home/dajuarez4/QMM/Paper/empirical_asymmetric_lambda300/runs/bccac6b5e2391d02/dieterici_tvm_K0_260_equal_b,,,,,,,,False,False,False,0,,,False,,
dieterici_tvm,265,target_l,/home/dajuarez4/QMM/Paper/empirical_asymmetric_lambda300/runs/bccac6b5e2391d02/dieterici_tvm_K0_265_target_l,,,,,,,,False,False,False,0,,,False,,
dieterici_tvm,265,equal_b,/home/dajuarez4/QMM/Paper/empirical_asymmetric_lambda300/runs/bccac6b5e2391d02/dieterici_tvm_K0_265_equal_b,,,,,,,,False,False,False,0,,,False,,
dieterici_tvm,270,target_l,/home/dajuarez4/QMM/Paper/empirical_asymmetric_lambda300/runs/bccac6b5e2391d02/dieterici_tvm_K0_270_target_l,,,,,,,,False,False,False,0,,,False,,
dieterici_tvm,270,equal_b,/home/dajuarez4/QMM/Paper/empirical_asymmetric_lambda300/runs/bccac6b5e2391d02/dieterici_tvm_K0_270_equal_b,,,,,,,,False,False,False,0,,,False,,
dieterici_tvm,275,target_l,/home/dajuarez4/QMM/Paper/empirical_asymmetric_lambda300/runs/bccac6b5e2391d02/dieterici_tvm_K0_275_target_l,,,,,,,,False,False,False,0,,,False,,
dieterici_tvm,275,equal_b,/home/dajuarez4/QMM/Paper/empirical_asymmetric_lambda300/runs/bccac6b5e2391d02/dieterici_tvm_K0_275_equal_b,,,,,,,,False,False,False,0,,,False,,
dieterici_tvm,280,target_l,/home/dajuarez4/QMM/Paper/empirical_asymmetric_lambda300/runs/bccac6b5e2391d02/dieterici_tvm_K0_280_target_l,,,,,,,,False,False,False,0,,,False,,
dieterici_tvm,280,equal_b,/home/dajuarez4/QMM/Paper/empirical_asymmetric_lambda300/runs/bccac6b5e2391d02/dieterici_tvm_K0_280_equal_b,,,,,,,,False,False,False,0,,,False,,
dieterici_tvm,285,target_l,/home/dajuarez4/QMM/Paper/empirical_asymmetric_lambda300/runs/bccac6b5e2391d02/dieterici_tvm_K0_285_target_l,,,,,,,,False,False,False,0,,,False,,
dieterici_tvm,285,equal_b,/home/dajuarez4/QMM/Paper/empirical_asymmetric_lambda300/runs/bccac6b5e2391d02/dieterici_tvm_K0_285_equal_b,,,,,,,,False,False,False,0,,,False,,
dieterici_tvm,290,target_l,/home/dajuarez4/QMM/Paper/empirical_asymmetric_lambda300/runs/bccac6b5e2391d02/dieterici_tvm_K0_290_target_l,,,,,,,,False,False,False,0,,,False,,
dieterici_tvm,290,equal_b,/home/dajuarez4/QMM/Paper/empirical_asymmetric_lambda300/runs/bccac6b5e2391d02/dieterici_tvm_K0_290_equal_b,,,,,,,,False,False,False,0,,,False,,
dieterici_tvm,295,target_l,/home/dajuarez4/QMM/Paper/empirical_asymmetric_lambda300/runs/bccac6b5e2391d02/dieterici_tvm_K0_295_target_l,,,,,,,,False,False,False,0,,,False,,
dieterici_tvm,295,equal_b,/home/dajuarez4/QMM/Paper/empirical_asymmetric_lambda300/runs/bccac6b5e2391d02/dieterici_tvm_K0_295_equal_b,,,,,,,,False,False,False,0,,,False,,
dieterici_tvm,300,target_l,/home/dajuarez4/QMM/Paper/empirical_asymmetric_lambda300/runs/bccac6b5e2391d02/dieterici_tvm_K0_300_target_l,1.7559447971979776,32.49999999216266,58.899999952518556,1.978690690210049,4.121078012175353,82.02489874371774,211.00110869694208,True,True,True,0,2.279545238949725,11.9425,False,0.5667366148168543,36.0
dieterici_tvm,300,equal_b,/home/dajuarez4/QMM/Paper/empirical_asymmetric_lambda300/runs/bccac6b5e2391d02/dieterici_tvm_K0_300_equal_b,1.7559447971979776,32.500000000878,92.53369880298123,3.0498843511927007,3.0498843511927007,104.2474699929871,188.77853744767273,True,True,True,0,2.453839295198906,13.4075,False,0.5103911317030486,30.0
dieterici_tvm,305,target_l,/home/dajuarez4/QMM/Paper/empirical_asymmetric_lambda300/runs/bccac6b5e2391d02/dieterici_tvm_K0_305_target_l,,,,,,,,False,False,False,0,,,False,,
dieterici_tvm,305,equal_b,/home/dajuarez4/QMM/Paper/empirical_asymmetric_lambda300/runs/bccac6b5e2391d02/dieterici_tvm_K0_305_equal_b,,,,,,,,False,False,False,0,,,False,,
dieterici_tvm,310,target_l,/home/dajuarez4/QMM/Paper/empirical_asymmetric_lambda300/runs/bccac6b5e2391d02/dieterici_tvm_K0_310_target_l,,,,,,,,False,False,False,0,,,False,,
dieterici_tvm,310,equal_b,/home/dajuarez4/QMM/Paper/empirical_asymmetric_lambda300/runs/bccac6b5e2391d02/dieterici_tvm_K0_310_equal_b,,,,,,,,False,False,False,0,,,False,,
dieterici_tvm,315,target_l,/home/dajuarez4/QMM/Paper/empirical_asymmetric_lambda300/runs/bccac6b5e2391d02/dieterici_tvm_K0_315_target_l,1.77176898207528,32.499999997074724,58.900000036828715,2.0307868170887082,4.248119130859278,87.20008288657581,223.67203258318992,True,False,False,0,,,False,,
dieterici_tvm,315,equal_b,/home/dajuarez4/QMM/Paper/empirical_asymmetric_lambda300/runs/bccac6b5e2391d02/dieterici_tvm_K0_315_equal_b,1.77176898207528,32.5000000012127,94.42126036219634,3.1394529739739934,3.1394529739739934,111.82010813461434,199.0520073351514,True,False,False,0,,,False,,
clausius_vdw,250,target_l,/home/dajuarez4/QMM/Paper/empirical_asymmetric_lambda300/runs/d8c1ee32ce433ecc/clausius_vdw_K0_250_target_l,4.735852852960429,32.49999999323927,58.89999991704826,1.3169230230430786,2.1378190928859677,259.41373330274183,685.2412839338454,True,True,True,0,2.4505288975795554,12.1925,False,1.53011870757511,22.0
clausius_vdw,250,equal_b,/home/dajuarez4/QMM/Paper/empirical_asymmetric_lambda300/runs/d8c1ee32ce433ecc/clausius_vdw_K0_250_equal_b,4.735852852960429,32.50000000965122,70.05823646522913,1.7273710579645232,1.7273710579645232,285.0214593123171,659.63355792427,True,True,True,0,2.448865919241698,12.6925,False,0.7419640287396491,42.0
clausius_vdw,255,target_l,/home/dajuarez4/QMM/Paper/empirical_asymmetric_lambda300/runs/d8c1ee32ce433ecc/clausius_vdw_K0_255_target_l,,,,,,,,False,False,False,0,,,False,,
clausius_vdw,255,equal_b,/home/dajuarez4/QMM/Paper/empirical_asymmetric_lambda300/runs/d8c1ee32ce433ecc/clausius_vdw_K0_255_equal_b,,,,,,,,False,False,False,0,,,False,,
clausius_vdw,260,target_l,/home/dajuarez4/QMM/Paper/empirical_asymmetric_lambda300/runs/d8c1ee32ce433ecc/clausius_vdw_K0_260_target_l,,,,,,,,False,False,False,0,,,False,,
clausius_vdw,260,equal_b,/home/dajuarez4/QMM/Paper/empirical_asymmetric_lambda300/runs/d8c1ee32ce433ecc/clausius_vdw_K0_260_equal_b,,,,,,,,False,False,False,0,,,False,,
clausius_vdw,265,target_l,/home/dajuarez4/QMM/Paper/empirical_asymmetric_lambda300/runs/d8c1ee32ce433ecc/clausius_vdw_K0_265_target_l,,,,,,,,False,False,False,0,,,False,,
clausius_vdw,265,equal_b,/home/dajuarez4/QMM/Paper/empirical_asymmetric_lambda300/runs/d8c1ee32ce433ecc/clausius_vdw_K0_265_equal_b,,,,,,,,False,False,False,0,,,False,,
clausius_vdw,270,target_l,/home/dajuarez4/QMM/Paper/empirical_asymmetric_lambda300/runs/d8c1ee32ce433ecc/clausius_vdw_K0_270_target_l,,,,,,,,False,False,False,0,,,False,,
clausius_vdw,270,equal_b,/home/dajuarez4/QMM/Paper/empirical_asymmetric_lambda300/runs/d8c1ee32ce433ecc/clausius_vdw_K0_270_equal_b,,,,,,,,False,False,False,0,,,False,,
clausius_vdw,275,target_l,/home/dajuarez4/QMM/Paper/empirical_asymmetric_lambda300/runs/d8c1ee32ce433ecc/clausius_vdw_K0_275_target_l,,,,,,,,False,False,False,0,,,False,,
clausius_vdw,275,equal_b,/home/dajuarez4/QMM/Paper/empirical_asymmetric_lambda300/runs/d8c1ee32ce433ecc/clausius_vdw_K0_275_equal_b,,,,,,,,False,False,False,0,,,False,,
clausius_vdw,280,target_l,/home/dajuarez4/QMM/Paper/empirical_asymmetric_lambda300/runs/d8c1ee32ce433ecc/clausius_vdw_K0_280_target_l,,,,,,,,False,False,False,0,,,False,,
clausius_vdw,280,equal_b,/home/dajuarez4/QMM/Paper/empirical_asymmetric_lambda300/runs/d8c1ee32ce433ecc/clausius_vdw_K0_280_equal_b,,,,,,,,False,False,False,0,,,False,,
clausius_vdw,285,target_l,/home/dajuarez4/QMM/Paper/empirical_asymmetric_lambda300/runs/d8c1ee32ce433ecc/clausius_vdw_K0_285_target_l,,,,,,,,False,False,False,0,,,False,,
clausius_vdw,285,equal_b,/home/dajuarez4/QMM/Paper/empirical_asymmetric_lambda300/runs/d8c1ee32ce433ecc/clausius_vdw_K0_285_equal_b,,,,,,,,False,False,False,0,,,False,,
clausius_vdw,290,target_l,/home/dajuarez4/QMM/Paper/empirical_asymmetric_lambda300/runs/d8c1ee32ce433ecc/clausius_vdw_K0_290_target_l,,,,,,,,False,False,False,0,,,False,,
clausius_vdw,290,equal_b,/home/dajuarez4/QMM/Paper/empirical_asymmetric_lambda300/runs/d8c1ee32ce433ecc/clausius_vdw_K0_290_equal_b,,,,,,,,False,False,False,0,,,False,,
clausius_vdw,295,target_l,/home/dajuarez4/QMM/Paper/empirical_asymmetric_lambda300/runs/d8c1ee32ce433ecc/clausius_vdw_K0_295_target_l,,,,,,,,False,False,False,0,,,False,,
clausius_vdw,295,equal_b,/home/dajuarez4/QMM/Paper/empirical_asymmetric_lambda300/runs/d8c1ee32ce433ecc/clausius_vdw_K0_295_equal_b,,,,,,,,False,False,False,0,,,False,,
clausius_vdw,300,target_l,/home/dajuarez4/QMM/Paper/empirical_asymmetric_lambda300/runs/d8c1ee32ce433ecc/clausius_vdw_K0_300_target_l,3.7539943658312165,32.499999999584816,58.89999988648924,1.4804640550020711,2.6375882294564557,245.1264069319448,642.7445717594087,True,True,True,0,2.589207894570355,13.065,False,1.574857650975354,28.0
clausius_vdw,300,equal_b,/home/dajuarez4/QMM/Paper/empirical_asymmetric_lambda300/runs/d8c1ee32ce433ecc/clausius_vdw_K0_300_equal_b,3.7539943658312165,32.500000000538876,76.8226016852168,2.0590261422292633,2.0590261422292633,281.07561733323274,606.7953613581208,True,True,True,0,2.537823788050807,13.47,False,0.6684989272900107,31.0
clausius_vdw,305,target_l,/home/dajuarez4/QMM/Paper/empirical_asymmetric_lambda300/runs/d8c1ee32ce433ecc/clausius_vdw_K0_305_target_l,,,,,,,,False,False,False,0,,,False,,
clausius_vdw,305,equal_b,/home/dajuarez4/QMM/Paper/empirical_asymmetric_lambda300/runs/d8c1ee32ce433ecc/clausius_vdw_K0_305_equal_b,,,,,,,,False,False,False,0,,,False,,
clausius_vdw,310,target_l,/home/dajuarez4/QMM/Paper/empirical_asymmetric_lambda300/runs/d8c1ee32ce433ecc/clausius_vdw_K0_310_target_l,,,,,,,,False,False,False,0,,,False,,
clausius_vdw,310,equal_b,/home/dajuarez4/QMM/Paper/empirical_asymmetric_lambda300/runs/d8c1ee32ce433ecc/clausius_vdw_K0_310_equal_b,,,,,,,,False,False,False,0,,,False,,
clausius_vdw,315,target_l,/home/dajuarez4/QMM/Paper/empirical_asymmetric_lambda300/runs/d8c1ee32ce433ecc/clausius_vdw_K0_315_target_l,3.507371411543792,32.50000000729494,58.90000006193077,1.5258808557713417,2.761367559832874,241.58037172957103,631.8492477818816,True,False,False,0,,,False,,
clausius_vdw,315,equal_b,/home/dajuarez4/QMM/Paper/empirical_asymmetric_lambda300/runs/d8c1ee32ce433ecc/clausius_vdw_K0_315_equal_b,3.507371411543792,32.49999999738395,78.73226757246812,2.143624207802108,2.143624207802108,279.94237343553846,593.4872460759141,True,False,False,0,,,False,,
clausius_cs,250,target_l,/home/dajuarez4/QMM/Paper/empirical_asymmetric_lambda300/runs/7d305835f24a2893/clausius_cs_K0_250_target_l,4.470083992729585,32.49999999804413,58.899999930144986,1.4777070347732697,2.5961002368098014,258.37705207436693,678.4879491734134,True,True,True,0,2.158301505910241,11.03,False,0.6625777063971113,43.0
clausius_cs,250,equal_b,/home/dajuarez4/QMM/Paper/empirical_asymmetric_lambda300/runs/7d305835f24a2893/clausius_cs_K0_250_equal_b,4.470083992729585,32.5000000091527,71.74243230228967,2.0369036357915355,2.0369036357915355,289.8590136793515,647.0059875684288,True,True,True,0,2.298513828652398,11.97,False,0.6381157503123382,19.0
clausius_cs,255,target_l,/home/dajuarez4/QMM/Paper/empirical_asymmetric_lambda300/runs/7d305835f24a2893/clausius_cs_K0_255_target_l,,,,,,,,False,False,False,0,,,False,,
clausius_cs,255,equal_b,/home/dajuarez4/QMM/Paper/empirical_asymmetric_lambda300/runs/7d305835f24a2893/clausius_cs_K0_255_equal_b,,,,,,,,False,False,False,0,,,False,,
clausius_cs,260,target_l,/home/dajuarez4/QMM/Paper/empirical_asymmetric_lambda300/runs/7d305835f24a2893/clausius_cs_K0_260_target_l,,,,,,,,False,False,False,0,,,False,,
clausius_cs,260,equal_b,/home/dajuarez4/QMM/Paper/empirical_asymmetric_lambda300/runs/7d305835f24a2893/clausius_cs_K0_260_equal_b,,,,,,,,False,False,False,0,,,False,,
clausius_cs,265,target_l,/home/dajuarez4/QMM/Paper/empirical_asymmetric_lambda300/runs/7d305835f24a2893/clausius_cs_K0_265_target_l,,,,,,,,False,False,False,0,,,False,,
clausius_cs,265,equal_b,/home/dajuarez4/QMM/Paper/empirical_asymmetric_lambda300/runs/7d305835f24a2893/clausius_cs_K0_265_equal_b,,,,,,,,False,False,False,0,,,False,,
clausius_cs,270,target_l,/home/dajuarez4/QMM/Paper/empirical_asymmetric_lambda300/runs/7d305835f24a2893/clausius_cs_K0_270_target_l,,,,,,,,False,False,False,0,,,False,,
clausius_cs,270,equal_b,/home/dajuarez4/QMM/Paper/empirical_asymmetric_lambda300/runs/7d305835f24a2893/clausius_cs_K0_270_equal_b,,,,,,,,False,False,False,0,,,False,,
clausius_cs,275,target_l,/home/dajuarez4/QMM/Paper/empirical_asymmetric_lambda300/runs/7d305835f24a2893/clausius_cs_K0_275_target_l,,,,,,,,False,False,False,0,,,False,,
clausius_cs,275,equal_b,/home/dajuarez4/QMM/Paper/empirical_asymmetric_lambda300/runs/7d305835f24a2893/clausius_cs_K0_275_equal_b,,,,,,,,False,False,False,0,,,False,,
clausius_cs,280,target_l,/home/dajuarez4/QMM/Paper/empirical_asymmetric_lambda300/runs/7d305835f24a2893/clausius_cs_K0_280_target_l,,,,,,,,False,False,False,0,,,False,,
clausius_cs,280,equal_b,/home/dajuarez4/QMM/Paper/empirical_asymmetric_lambda300/runs/7d305835f24a2893/clausius_cs_K0_280_equal_b,,,,,,,,False,False,False,0,,,False,,
clausius_cs,285,target_l,/home/dajuarez4/QMM/Paper/empirical_asymmetric_lambda300/runs/7d305835f24a2893/clausius_cs_K0_285_target_l,,,,,,,,False,False,False,0,,,False,,
clausius_cs,285,equal_b,/home/dajuarez4/QMM/Paper/empirical_asymmetric_lambda300/runs/7d305835f24a2893/clausius_cs_K0_285_equal_b,,,,,,,,False,False,False,0,,,False,,
clausius_cs,290,target_l,/home/dajuarez4/QMM/Paper/empirical_asymmetric_lambda300/runs/7d305835f24a2893/clausius_cs_K0_290_target_l,,,,,,,,False,False,False,0,,,False,,
clausius_cs,290,equal_b,/home/dajuarez4/QMM/Paper/empirical_asymmetric_lambda300/runs/7d305835f24a2893/clausius_cs_K0_290_equal_b,,,,,,,,False,False,False,0,,,False,,
clausius_cs,295,target_l,/home/dajuarez4/QMM/Paper/empirical_asymmetric_lambda300/runs/7d305835f24a2893/clausius_cs_K0_295_target_l,,,,,,,,False,False,False,0,,,False,,
clausius_cs,295,equal_b,/home/dajuarez4/QMM/Paper/empirical_asymmetric_lambda300/runs/7d305835f24a2893/clausius_cs_K0_295_equal_b,,,,,,,,False,False,False,0,,,False,,
clausius_cs,300,target_l,/home/dajuarez4/QMM/Paper/empirical_asymmetric_lambda300/runs/7d305835f24a2893/clausius_cs_K0_300_target_l,3.385152823676666,32.49999999002,58.899999937239045,1.7097863996962175,3.3352651588642113,243.53140091007094,634.2065486723859,True,True,True,0,2.237737199671854,11.57,False,0.6129699725317006,43.0
clausius_cs,300,equal_b,/home/dajuarez4/QMM/Paper/empirical_asymmetric_lambda300/runs/7d305835f24a2893/clausius_cs_K0_300_equal_b,3.385152823676666,32.49999999389797,79.66297915181713,2.5225257792802145,2.5225257792802145,288.29974923446065,589.4382003479961,True,True,True,0,2.410097206671593,12.8325,False,0.5763417402574136,26.0
clausius_cs,305,target_l,/home/dajuarez4/QMM/Paper/empirical_asymmetric_lambda300/runs/7d305835f24a2893/clausius_cs_K0_305_target_l,,,,,,,,False,False,False,0,,,False,,
clausius_cs,305,equal_b,/home/dajuarez4/QMM/Paper/empirical_asymmetric_lambda300/runs/7d305835f24a2893/clausius_cs_K0_305_equal_b,,,,,,,,False,False,False,0,,,False,,
clausius_cs,310,target_l,/home/dajuarez4/QMM/Paper/empirical_asymmetric_lambda300/runs/7d305835f24a2893/clausius_cs_K0_310_target_l,,,,,,,,False,False,False,0,,,False,,
clausius_cs,310,equal_b,/home/dajuarez4/QMM/Paper/empirical_asymmetric_lambda300/runs/7d305835f24a2893/clausius_cs_K0_310_equal_b,,,,,,,,False,False,False,0,,,False,,
clausius_cs,315,target_l,/home/dajuarez4/QMM/Paper/empirical_asymmetric_lambda300/runs/7d305835f24a2893/clausius_cs_K0_315_target_l,3.110066252984582,32.50000000262719,58.89999998962594,1.7771601080509996,3.529106918856595,239.8768243732323,622.850224123838,True,False,False,0,,,False,,
clausius_cs,315,equal_b,/home/dajuarez4/QMM/Paper/empirical_asymmetric_lambda300/runs/7d305835f24a2893/clausius_cs_K0_315_equal_b,3.110066252984582,32.50000000389855,81.9562553259857,2.653133513453797,2.653133513453797,287.8836499063025,574.8433985907677,True,False,False,0,,,False,,
clausius_tvm,250,target_l,/home/dajuarez4/QMM/Paper/empirical_asymmetric_lambda300/runs/c29ec382f7cee474/clausius_tvm_K0_250_target_l,4.490403232624134,32.49999999310819,58.900000055655255,1.4060752313100546,2.4453549527753684,257.46361187151217,678.4149210888794,True,True,True,0,2.1272078023043335,10.9175,False,0.6440125450806942,60.0
clausius_tvm,250,equal_b,/home/dajuarez4/QMM/Paper/empirical_asymmetric_lambda300/runs/c29ec382f7cee474/clausius_tvm_K0_250_equal_b,4.490403232624134,32.50000000044986,71.61637378112573,1.9257150920427115,1.9257150920427115,288.2572724555794,647.6212605048122,True,True,True,0,2.2548512699239724,11.775,False,0.6097388937015852,52.0
clausius_tvm,255,target_l,/home/dajuarez4/QMM/Paper/empirical_asymmetric_lambda300/runs/c29ec382f7cee474/clausius_tvm_K0_255_target_l,,,,,,,,False,False,False,0,,,False,,
clausius_tvm,255,equal_b,/home/dajuarez4/QMM/Paper/empirical_asymmetric_lambda300/runs/c29ec382f7cee474/clausius_tvm_K0_255_equal_b,,,,,,,,False,False,False,0,,,False,,
clausius_tvm,260,target_l,/home/dajuarez4/QMM/Paper/empirical_asymmetric_lambda300/runs/c29ec382f7cee474/clausius_tvm_K0_260_target_l,,,,,,,,False,False,False,0,,,False,,
clausius_tvm,260,equal_b,/home/dajuarez4/QMM/Paper/empirical_asymmetric_lambda300/runs/c29ec382f7cee474/clausius_tvm_K0_260_equal_b,,,,,,,,False,False,False,0,,,False,,
clausius_tvm,265,target_l,/home/dajuarez4/QMM/Paper/empirical_asymmetric_lambda300/runs/c29ec382f7cee474/clausius_tvm_K0_265_target_l,,,,,,,,False,False,False,0,,,False,,
clausius_tvm,265,equal_b,/home/dajuarez4/QMM/Paper/empirical_asymmetric_lambda300/runs/c29ec382f7cee474/clausius_tvm_K0_265_equal_b,,,,,,,,False,False,False,0,,,False,,
clausius_tvm,270,target_l,/home/dajuarez4/QMM/Paper/empirical_asymmetric_lambda300/runs/c29ec382f7cee474/clausius_tvm_K0_270_target_l,,,,,,,,False,False,False,0,,,False,,
clausius_tvm,270,equal_b,/home/dajuarez4/QMM/Paper/empirical_asymmetric_lambda300/runs/c29ec382f7cee474/clausius_tvm_K0_270_equal_b,,,,,,,,False,False,False,0,,,False,,
clausius_tvm,275,target_l,/home/dajuarez4/QMM/Paper/empirical_asymmetric_lambda300/runs/c29ec382f7cee474/clausius_tvm_K0_275_target_l,,,,,,,,False,False,False,0,,,False,,
clausius_tvm,275,equal_b,/home/dajuarez4/QMM/Paper/empirical_asymmetric_lambda300/runs/c29ec382f7cee474/clausius_tvm_K0_275_equal_b,,,,,,,,False,False,False,0,,,False,,
clausius_tvm,280,target_l,/home/dajuarez4/QMM/Paper/empirical_asymmetric_lambda300/runs/c29ec382f7cee474/clausius_tvm_K0_280_target_l,,,,,,,,False,False,False,0,,,False,,
clausius_tvm,280,equal_b,/home/dajuarez4/QMM/Paper/empirical_asymmetric_lambda300/runs/c29ec382f7cee474/clausius_tvm_K0_280_equal_b,,,,,,,,False,False,False,0,,,False,,
clausius_tvm,285,target_l,/home/dajuarez4/QMM/Paper/empirical_asymmetric_lambda300/runs/c29ec382f7cee474/clausius_tvm_K0_285_target_l,,,,,,,,False,False,False,0,,,False,,
clausius_tvm,285,equal_b,/home/dajuarez4/QMM/Paper/empirical_asymmetric_lambda300/runs/c29ec382f7cee474/clausius_tvm_K0_285_equal_b,,,,,,,,False,False,False,0,,,False,,
clausius_tvm,290,target_l,/home/dajuarez4/QMM/Paper/empirical_asymmetric_lambda300/runs/c29ec382f7cee474/clausius_tvm_K0_290_target_l,,,,,,,,False,False,False,0,,,False,,
clausius_tvm,290,equal_b,/home/dajuarez4/QMM/Paper/empirical_asymmetric_lambda300/runs/c29ec382f7cee474/clausius_tvm_K0_290_equal_b,,,,,,,,False,False,False,0,,,False,,
clausius_tvm,295,target_l,/home/dajuarez4/QMM/Paper/empirical_asymmetric_lambda300/runs/c29ec382f7cee474/clausius_tvm_K0_295_target_l,,,,,,,,False,False,False,0,,,False,,
clausius_tvm,295,equal_b,/home/dajuarez4/QMM/Paper/empirical_asymmetric_lambda300/runs/c29ec382f7cee474/clausius_tvm_K0_295_equal_b,,,,,,,,False,False,False,0,,,False,,
clausius_tvm,300,target_l,/home/dajuarez4/QMM/Paper/empirical_asymmetric_lambda300/runs/c29ec382f7cee474/clausius_tvm_K0_300_target_l,3.3711189790070044,32.499999996762085,58.89999998989879,1.6287828886597953,3.1674252599182915,242.00909030989524,632.8948042118836,True,True,True,0,2.2080048920573314,11.455,False,0.5968344793069623,24.0
clausius_tvm,300,equal_b,/home/dajuarez4/QMM/Paper/empirical_asymmetric_lambda300/runs/c29ec382f7cee474/clausius_tvm_K0_300_equal_b,3.3711189790070044,32.50000000309626,79.7861738937172,2.3981040742890434,2.3981040742890434,286.6698024129822,588.2340921087966,True,True,True,0,2.3691164132129097,12.6325,False,0.5525880086802577,39.0
clausius_tvm,305,target_l,/home/dajuarez4/QMM/Paper/empirical_asymmetric_lambda300/runs/c29ec382f7cee474/clausius_tvm_K0_305_target_l,,,,,,,,False,False,False,0,,,False,,
clausius_tvm,305,equal_b,/home/dajuarez4/QMM/Paper/empirical_asymmetric_lambda300/runs/c29ec382f7cee474/clausius_tvm_K0_305_equal_b,,,,,,,,False,False,False,0,,,False,,
clausius_tvm,310,target_l,/home/dajuarez4/QMM/Paper/empirical_asymmetric_lambda300/runs/c29ec382f7cee474/clausius_tvm_K0_310_target_l,,,,,,,,False,False,False,0,,,False,,
clausius_tvm,310,equal_b,/home/dajuarez4/QMM/Paper/empirical_asymmetric_lambda300/runs/c29ec382f7cee474/clausius_tvm_K0_310_equal_b,,,,,,,,False,False,False,0,,,False,,
clausius_tvm,315,target_l,/home/dajuarez4/QMM/Paper/empirical_asymmetric_lambda300/runs/c29ec382f7cee474/clausius_tvm_K0_315_target_l,3.0839184024468023,32.49999999794727,58.89999999126303,1.694542705577293,3.3616373445940315,238.1653912194974,621.1622929678638,True,False,False,0,,,False,,
clausius_tvm,315,equal_b,/home/dajuarez4/QMM/Paper/empirical_asymmetric_lambda300/runs/c29ec382f7cee474/clausius_tvm_K0_315_equal_b,3.0839184024468023,32.50000000199043,82.19061270347083,2.528090025085662,2.528090025085662,286.31017669443077,573.0175074929305,True,False,False,0,,,False,,
