model,parameter_name,parameter_value,n_b,n_over_n0,y,quark_fraction,k_bu,k_fp,k_fn,n_p,n_n,energy_density,mu_e,eps_e,eps_mu,mu_b,pressure,vs2
clausius,c,3.929255287110805,1.6e-07,1e-06,0.3,0.9878514900089674,0.003962177474028539,0.004299285503430225,0.00467977370005616,5.83128479569563e-10,1.360633118995647e-09,0.0001500800264705384,,0.0,0.0,939.6834641521374,-0.0004171715825815733,-6.245114269207688e-08
clausius,c,3.929255287110805,0.0421054147368421,0.26315884210526314,0.3,4.3483894869824197e-07,0.001348532378153027,0.7419188110512306,0.9840457964702073,0.012631618928330347,0.029473777499437474,39.29146396087981,,0.0,0.0,927.7346094943873,-0.2254001430340864,-0.009038673315843801
clausius,c,3.929255287110805,0.08421066947368422,0.5263166842105264,0.3,4.3483894869824197e-07,0.0019071109206133226,0.9652889527699614,1.2803133198600205,0.025263189856681568,0.05894744299892366,78.21868922276045,,0.0,0.0,922.6103736037046,-0.5293749366379501,-0.0035304812903418407
clausius,c,3.929255287110805,0.12631592421052631,0.7894745263157894,0.3,4.3483894869824197e-07,0.0023357235217943925,1.1449935323296243,1.518664920148046,0.03789476078503279,0.08842110849840984,117.08885065097249,,0.0,0.0,923.8210759084458,-0.3796173580775246,0.01807855186578661
clausius,c,3.929255287110805,0.1684211789473684,1.0526323684210526,0.3,4.3483894869824197e-07,0.0026970607147683715,1.3114317868336431,1.7394206984730407,0.050526331713384005,0.11789477399789601,156.1797521671574,,0.0,0.0,931.8652326053082,0.8757743873394759,0.06163996113923117
clausius,c,3.929255287110805,0.21052643368421053,1.3157902105263157,0.3,4.4975202649046255e-05,0.03066638299269807,1.4780402088972673,1.9603988471065525,0.06315508956455779,0.14736187565063483,195.77260274558952,,0.0,0.0,946.4576483260679,3.7447332279562318,0.137530319354
clausius,c,3.929255287110805,0.2526316884210526,1.5789480526315787,0.3,0.0003678097926271841,0.09605712624653906,1.6548142775461796,2.194785120663006,0.07576163040363701,0.17677713760848635,236.21329131917057,,0.0,0.0,970.9829799592487,9.562967403010333,0.26762127892667803
clausius,c,3.929255287110805,0.2947369431578947,1.842105894736842,0.3,0.0013350332784595716,0.1975889125892279,1.8528379208317685,2.4569482051825826,0.08830303785911624,0.20604042167127123,278.0067751864775,,0.0,0.0,1017.3266455970831,22.24838726612205,0.44668200146503023
clausius,c,3.929255287110805,0.33684219789473685,2.1052637368421054,0.3,0.00419497770905089,0.37392876066313074,2.087570033539353,2.7658192182688954,0.10062874571493022,0.23480040666817048,321.9979947248061,,0.0,0.0,1098.1215993080307,47.509712244782065,0.6123665456899274
clausius,c,3.929255287110805,0.37894745263157903,2.368421578947369,0.3,0.013896557800614745,0.7182740053461705,2.380758534011576,3.1411203302813506,0.11210441623580657,0.261576971216882,369.7013288199451,,0.0,0.0,1208.6755487460493,86.82409687947609,0.7000287289181996
clausius,c,3.929255287110805,0.4210527073684211,2.6315794210526318,0.3,0.045506864255191945,1.3478224992203571,2.7418894270928558,3.552495808915054,0.12056757569097759,0.28132434327894773,423.17005445742734,,0.0,0.0,1327.654740806428,134.45504289157685,0.6898814566299485
clausius,c,3.929255287110805,0.46315796210526317,2.8947372631578947,0.3,0.10327743951905799,2.070519442126313,3.128477007702441,3.9063758006634024,0.12459725810585,0.29072693558031665,482.2283876429429,,0.0,0.0,1429.3551598985987,179.71615292208855,0.5998242740569275
clausius,c,3.929255287110805,0.5052632168421053,3.157895105263158,0.3,0.16628358831699186,2.6673363439085693,3.494814422364384,4.2039014743117225,0.1263738708303041,0.2948723652707096,544.3623471660366,,0.0,0.0,1497.3484586392024,212.8814604259892,0.4651688691684666
clausius,c,3.929255287110805,0.5473684715789474,3.4210529473684215,0.3,0.22448375617809407,3.1465332101608396,3.827403197631772,4.469548311132705,0.12734794231963287,0.29714519874581,608.1028994220901,,0.0,0.0,1533.2536222339565,231.73908098093045,0.33111006111465247
clausius,c,3.929255287110805,0.5894737263157895,3.6842107894736844,0.3,0.2762675325859729,3.5452801200255846,4.127649274894206,4.712850398888406,0.12798638232668016,0.2986348920955871,672.9307877145914,,0.0,0.0,1553.6979985081864,243.19045199707875,0.24207590157623363
clausius,c,3.929255287110805,0.6315789810526315,3.947368631578947,0.3,0.32204468289600785,3.8881392702489874,4.4002477654559815,4.938221974750445,0.12845469851272592,0.29972762986302715,738.6620452924238,,0.0,0.0,1572.1578793267302,254.36894899720255,0.20632022422250942
clausius,c,3.929255287110805,0.6736842357894738,4.210526473684211,0.3,0.36258961149926927,4.190277636551233,4.649780582696211,5.1484972433052105,0.1288239991384159,0.30058933132297044,805.2247466350535,,0.0,0.0,1591.05158904537,266.6586743321128,0.19530800208570215
clausius,c,3.929255287110805,0.7157894905263159,4.473684315789474,0.3,0.3986614977030485,4.4614540416085315,4.88004436473956,5.345794991156629,0.12912953405789782,0.30130224613509493,872.586688452025,,0.0,0.0,1609.4363406078014,279.4304904543029,0.1959101441038147
clausius,c,3.929255287110805,0.757894745263158,4.7368421578947375,0.3,0.43091867520287697,4.7082564208902316,5.0940653557505815,5.531807431557181,0.12939112370734082,0.3019126219837952,940.7302914183226,,0.0,0.0,1627.631836928688,292.8413731235348,0.20060410558688074
clausius,c,3.929255287110805,0.8,5.0,0.3,0.4599141753209134,4.93533755195812,5.294242450228329,5.707910459661798,0.12962059792298078,0.3024480618202885,1009.6432933618371,,0.0,0.0,1645.6800651311924,306.900834702442,0.20656766413619934
