n_b,n_over_n0,y,quark_fraction,k_bu,k_fp,k_fn,n_p,n_n,energy_density,mu_e,eps_e,eps_mu,mu_b,pressure,vs2
0.008,0.05,0.0007864723025920257,0.03792807495627257,0.15369207267572374,0.1562637970447691,0.617576177182811,6.053143377186265e-06,0.007690522256972633,7.529390248106108,11.281423828446405,5.328945971239324e-05,0.0,943.0402398236317,0.014946537382704683,0.00196364652175214
0.01465546218487395,0.09159663865546219,0.00210248155181363,0.016239568262363994,0.13607658404169293,0.1514813680444309,0.7626043021180845,3.03124516766995e-05,0.014387151354629498,13.810511874757008,19.145150741712868,0.00044259455142079025,0.0,944.4365094127337,0.030464364101570496,0.0028502459242505168
0.021310924369747904,0.1331932773109244,0.0037187464238945226,0.009232767849562874,0.12367905595924013,0.1644382287393267,0.8695253314116841,7.851822764143909e-05,0.021035647324740996,20.10031391590578,26.226612856423994,0.0015591382863915976,0.0,945.5208733087893,0.049701574078241606,0.003375799613566138
0.02796638655462185,0.17478991596638657,0.005553825215752411,0.005990380219127928,0.11407242819667743,0.18822896623969315,0.9574188494140466,0.00015438999445192746,0.02764446727135263,26.396480227360364,32.81877059894139,0.0038235319675228507,0.0,946.3982006908576,0.07120447457560886,0.003708808325076616
0.0346218487394958,0.21638655462184875,0.0075614791262712125,0.00421058344571589,0.10635730439340427,0.21720646911509622,1.0336537827544066,0.000260690087867567,0.03421538046846563,32.697735348525484,39.05557032670798,0.007668994147421032,0.0,947.1372045955623,0.09439241368738038,0.003957061492736349
0.04127731092436975,0.25798319327731095,0.009709265433937016,0.0031239374370502044,0.09997632024267562,0.2484378593227155,1.1019564747590695,0.0003995203803592117,0.04074884280711314,39.00332111244828,45.01121288135026,0.013530309171451819,0.0,947.7385727639947,0.11708823882954533,0.004115893477211602
0.04793277310924371,0.29957983193277316,0.011970307602304334,0.0024174577819335,0.09472003617693689,0.28067487566392396,1.1645063063374927,0.0005723829735048614,0.04724451468037626,45.312791993500646,50.72960253473791,0.021831451526875316,0.0,948.2964764707684,0.14191224973012595,0.004421097210808357
0.05458823529411765,0.3411764705882353,0.014321830019529927,0.001933679945318536,0.09035101988949137,0.31338764459091323,1.2227080856780352,0.0007802916693405857,0.0537023874489385,51.6259169809138,56.2398198792856,0.03297772363004647,0.0,948.8347844029208,0.16947790684114494,0.004885104159405798
0.0612436974789916,0.3827731092436975,0.01674355465916478,0.0015889465702913093,0.08669883807532949,0.34637032919842164,1.277529359734907,0.0010238078313527877,0.060122576684577614,57.94262695592518,61.56182067462828,0.04734746651284877,0.0,949.3740336368907,0.20070161339754122,0.005532526694596159
0.06789915966386556,0.42436974789915977,0.019216477136731143,0.0013418638173435175,0.08383873032859708,0.3795640821059117,1.3296691674918732,0.0013030318086573584,0.06650501642962724,64.26298469521008,66.70918012256841,0.06528265028034476,0.0,949.9320559324984,0.2367416356676415,0.006393581231333577
0.07455462184873951,0.4659663865546219,0.02172414922568664,0.001157741501555576,0.08155061925663337,0.41296505123733857,1.3796588823163067,0.0016177606110040449,0.0728505462578884,70.58716744054958,71.69303268305747,0.08708965964211612,0.0,950.5249640239145,0.27899262074696196,0.007502784457163688
0.08121008403361346,0.5075630252100841,0.024250272245647214,0.0010232507325571355,0.07996563625788936,0.4466119191446098,1.4279099737505982,0.0019673514910428934,0.07915963426459215,76.9154570807253,76.52065524114047,0.11302543928095918,0.0,951.1679183852023,0.3290981641704178,0.008898964051971645
0.0878655462184874,0.5491596638655463,0.026780028852211098,0.0009253948073753863,0.07905009322127762,0.4805585129120836,1.4747549014254784,0.0023508643701249652,0.08543337152814463,83.24823535240074,81.19799195264456,0.143299543538614,0.0,951.8756973974156,0.38897305722970543,0.010625740890655638
0.09452100840336136,0.5907563025210085,0.029299467459295805,0.0008538644755367969,0.07870655501685667,0.514872745699733,1.5204684386673222,0.0027670505046683376,0.09167324976742547,89.58598260149063,85.72954985200991,0.178068702606749,0.0,952.6631380549427,0.4608330172457613,0.012732267505850913
0.10117647058823531,0.6323529411764707,0.031794336095100295,0.0008065097750419446,0.0790900048541388,0.5496340275278667,1.5652798180698222,0.0032142442989333913,0.09788062647676826,95.92927931972032,90.11772391594286,0.2174241318964508,0.0,953.5455155750055,0.5472331709126195,0.015273970920507463
0.10783193277310928,0.6739495798319329,0.03425125056930267,0.0007775751480065956,0.08012171543657937,0.5849318835736568,1.6093886168419371,0.0036905066694122514,0.10405757867261113,102.27880999344931,94.3643122022091,0.2613961769074786,0.0,954.540878052392,0.6513134928523243,0.018284633968016845
0.11448739495798321,0.7155462184873951,0.03665588138495414,0.0007684677628280014,0.08202201364122237,0.6208664237151973,1.6529669282810335,0.00419341138988984,0.11020600369581801,108.63536908006792,98.4690538066908,0.30993328203926646,0.0,955.6660309827931,0.7764446810900836,0.02177548474001018
0.12114285714285716,0.7571428571428572,0.038994447815591915,0.000775298301711947,0.08469584817074306,0.6575524456764544,1.6961714805494825,0.004720236390355401,0.11632869890109437,114.99986909561642,102.43123366859636,0.3629106029457082,0.0,956.9306188679203,0.9255150706895563,0.02579408471523827
0.1277983193277311,0.7987394957983195,0.04128609004481727,0.0007991417456581435,0.08826687678939817,0.6953077920153401,1.7391286491548281,0.005272076413406853,0.12242411394232453,121.37334948506091,106.23755964466628,0.4199360400842608,0.0006308665933306084,958.3430120477519,1.101436425435935,0.030446792729368923
0.13445378151260506,0.8403361344537816,0.04402573899664165,0.0008294835410907447,0.09217388684922152,0.7370622436391616,1.7817751911427981,0.005914517024639945,0.128427737289163,127.7568021652421,109.71977289201376,0.4777613706850532,0.012286869298925406,959.9175193081743,1.3080418184976281,0.03590414598333773
0.14110924369747901,0.8819327731092438,0.046876597552231336,0.0008748935826884892,0.09690669703258353,0.7812306056923131,1.824362473449734,0.006608934050553067,0.134376854075157,134.1512725583766,112.95554001795362,0.5366635619886952,0.03081991260173946,961.6794817641169,1.5509597670060202,0.042393307151631116
0.14776470588235296,0.923529411764706,0.04966189720133467,0.0009434826934373484,0.10290530245699259,0.8271988871125099,1.867068631211613,0.007331352097454971,0.14029394034219714,140.55817085422592,115.98029803524595,0.5964984279214481,0.05382618077924764,963.6666060885669,1.838126695061021,0.05017955132258343
0.15442016806722692,0.9651260504201682,0.052291388592255274,0.0010383189787222789,0.1102822887532825,0.8749032348020737,1.9100341207130378,0.008066460750055536,0.14619336992596968,146.97918578776853,118.803491507253,0.6567342025568319,0.08007141881656632,965.9256641987489,2.179629503602257,0.059539142804954016
0.16107563025210087,1.0067226890756305,0.054698099570608026,0.001164572040439522,0.11920998462607915,0.9244905317033053,1.9533825089934247,0.008800270364024624,0.15208777571268847,153.41628854836642,121.42413345598135,0.7166270746225418,0.10855545678794368,968.5042829351535,2.5866191700022796,0.07072797796570507
0.1677310924369748,1.0483193277310925,0.056821687802803986,0.0013336261100623196,0.1301050343277582,0.9762480038808352,1.9972230609409534,0.009518053293865495,0.1579893485787661,159.8717617638228,123.83336442683458,0.7752185332878531,0.13829369764568597,971.4509085409775,3.071315071486339,0.08403809958662617
0.17438655462184877,1.0899159663865547,0.05860257805118113,0.0015552529475643486,0.14319203208057726,1.0306086912165315,2.041658988272174,0.010203607768195636,0.16391173165056191,166.34824415980725,126.01573321362393,0.8313287382508273,0.1682300551954635,974.8224136639108,3.6483545576923575,0.0998976115264538
0.18104201680672272,1.131512605042017,0.05997506679595374,0.0018449314053153813,0.1588458011283559,1.0881731312805822,2.086781709423226,0.010837974772650113,0.16987003193158426,172.84879265192112,127.94730383037096,0.8834835748300257,0.19715798270660598,978.6859894033653,4.335353799701579,0.1189210326495915
0.1876974789915967,1.1731092436974793,0.06086201175538324,0.0022250977588643616,0.17757588038116168,1.1497733017290979,2.1326678497622327,0.011398227443345106,0.1758816063084029,179.37696891708939,129.59327878858645,0.929830979727527,0.22365081905669318,983.1223501712343,5.153783278123143,0.14205947989454293
0.19435294117647062,1.2147058823529413,0.061168491218917556,0.002725556313144036,0.19996177851245395,1.2165939994806956,2.179375449738965,0.0118558740095406,0.18196734728112837,185.93696524067343,130.9038515713674,0.9680191176431687,0.2459814562650808,988.2294949185886,6.13007637272662,0.17098116315566383
0.20100840336134457,1.2563025210084036,0.06077123218564284,0.003391717109752148,0.22685864712486142,1.2903829493566707,2.226929923904862,0.012174096735421693,0.18815254298503825,192.5338005819055,131.80611148486233,0.9949849596816103,0.2620022712428575,994.122601341209,7.296170060920701,0.20917727510569983
0.20766386554621855,1.2978991596638658,0.0595025249311264,0.004291426465835388,0.25943016792117946,1.3738736153325124,2.2753073044725163,0.01230349722139259,0.19446919411622324,199.17365646595792,132.18980323505988,1.0066214657587595,0.26897698198748576,1000.9033808766953,8.684094633281774,0.2657783389421869
0.21431932773109247,1.3394957983193279,0.05711965488330972,0.005542905038932114,0.2996722028870982,1.471649924295894,2.324388269137947,0.012173990644750703,0.20095738540472058,205.86452619073853,131.87795604506888,0.9971561264654082,0.26330087878805236,1008.659288393827,10.326133411347485,0.3654029869036036
0.22097478991596642,1.3810924369747901,0.053248563945630475,0.00737688705172295,0.35131747435736055,1.5921996882432452,2.37386272758807,0.011679789424093036,0.2076648944253851,212.6176710961457,130.56404773828814,0.9580068677687316,0.24008519898400296,1019.0221698703335,12.58784082435983,0.5314189293774823
0.2276302521008404,1.4226890756302524,0.04729456045550706,0.01036167737563426,0.4230975465963328,1.7532988180291476,2.422937041136642,0.010654122292034534,0.21461749857560267,219.45154736234224,127.67299993118506,0.875931506563917,0.19290877250221877,1036.1033044713322,16.417171183646644,0.7426148524337189
0.23428571428571432,1.4642857142857144,0.03869169652623322,0.01640862233198679,0.5409777281387733,1.993789678994481,2.4692651266674033,0.008916169044071814,0.22152523943814847,226.4046760089605,122.29125111756417,0.7373179756492496,0.11886321799613177,1062.9786470322515,22.613530989718782,0.9381486763505996
0.24094117647058827,1.5058823529411767,0.030788745685255282,0.030831069138768014,0.7522959462492358,2.322665722517355,2.508401903808844,0.007189563208484078,0.2263231391919634,233.566858737418,116.29813848751864,0.6030641624497467,0.056551716629402164,1098.5133235917838,31.048615543541814,1.0574079677442692
0.24759663865546225,1.547478991596639,0.02907643545244156,0.05325066334527931,1.0001231012768272,2.544854827385714,2.5455072372678273,0.006815864032461147,0.2275960893725363,241.02015406816017,115.42064346017557,0.5850679448423638,0.0491686421736025,1137.601976808395,40.59964971144416,1.0694493329466102
0.25425210084033617,1.589075630252101,0.029003710419638076,0.07803362852993997,1.2233428301319347,2.586880815808288,2.5875301640568416,0.0067988144851300995,0.22761307236527442,248.74041431849514,116.12360687559668,0.5994521330400282,0.055047872909685165,1173.718474813701,49.67293904534847,0.9808401884542909
0.2609075630252101,1.6306722689075632,0.02916767889365015,0.10155222187575427,1.4096908433016564,2.6343366856971473,2.6349748800881136,0.006837248703264257,0.2275745715925474,256.6613646622562,117.04838512981557,0.6187771673952982,0.06321590020307354,1202.3389445408047,57.05175315852091,0.829727416509283
0.26756302521008407,1.6722689075630255,0.029455621153715354,0.12390079474858592,1.5723964807890807,2.685502985845768,2.686125820687145,0.006904743812179356,0.22750700992903936,264.73548839198065,118.08265335316261,0.6409396406924509,0.07293400057956463,1223.4693240061406,62.633444276926355,0.6726600560839366
0.274218487394958,1.7138655462184875,0.02980544132796461,0.14516453863666132,1.7182542569337707,2.7392000559634586,2.739805628825202,0.006986743789030169,0.22742494339759564,272.932361992245,119.16440220216336,0.6647510330785819,0.08375764253984701,1240.0049516697577,67.10872359257439,0.5509835712393806
0.28087394957983197,1.7554621848739498,0.030180933592389783,0.1654205703921759,1.8513110456832083,2.7945808512757306,2.795168625640592,0.007074761555579853,0.22733685907645307,281.23111044534465,120.25808175914528,0.6894933778205035,0.09538855204850116,1253.928372480901,70.97027443296207,0.4668551349433004
0.2875294117647059,1.797058823529412,0.03056048604997414,0.18473886675194776,1.9742114050982384,2.851022845061444,2.851593078804028,0.007163731028336364,0.22724782304910363,289.6167574871771,121.34310638494213,0.7147161329146952,0.1076148196542537,1266.0037338541088,74.40029510960773,0.40746761366363343
0.2941848739495799,1.838655462184874,0.030931206212911407,0.20318307200586155,2.0887976281379976,2.908062581083378,2.9086159754676775,0.007250630059244492,0.22716085746360257,298.07820947082365,122.40771594244963,0.7401307724147472,0.12028141939266782,1276.6677115819116,77.50074133585855,0.3639323838414942
0.3008403361344538,1.8802521008403363,0.0312856008457834,0.22081119845747926,2.1964147553245272,2.9653525424957294,2.9658900270279793,0.007333702150105701,0.22707771881814848,306.6070436085039,123.44549067742682,0.7655513589952098,0.13327332645832352,1286.239640086221,80.347613367132,0.33118696524540553
0.3074957983193278,1.9218487394957986,0.031619589913653524,0.23767623591971776,2.298080717508215,3.0226312571139182,3.0231538588088487,0.007411990897664065,0.2269993635159972,315.19673579091096,124.45328882429281,0.7908589650405162,0.14650472886152938,1294.954066921541,82.99759725348088,0.30609558039958795
0.3141512605042017,1.9634453781512606,0.03193127237131792,0.25382668373557854,2.3945881118008576,3.079701911651566,3.0802106768881763,0.0074850506795393216,0.2269262371795291,323.84214684394254,125.42999114268483,0.8159794299065888,0.1599116371981532,1302.9862988456644,85.49369438623546,0.28659204348074946
0.3208067226890756,2.0050420168067227,0.032220137434461504,0.2693070165750058,2.486568496798207,3.1364167279824016,3.1369126771348195,0.007552761766610169,0.22685845953786526,332.5391691309102,126.37571925228536,0.8408689445671987,0.17344657490321203,1310.4683608536134,87.86869531938072,0.2712687208597401
0.3274621848739496,2.046638655462185,0.032486551593476604,0.28415809342958276,2.5745348313883287,3.1926653767451154,3.1931494791726265,0.007615210072868488,0.22679594467701408,341.28447692973936,127.29134335097224,0.8655045049224572,0.18707468193109894,1317.5015318480382,90.14807482078868,0.25913265615289927
0.3341176470588236,2.088235294117647,0.03273140845972579,0.29841770627240716,2.6589113079088005,3.2483578644672884,3.2488396756939784,0.0076726030132317664,0.226738422185164,350.0753570562079,128.17815468350753,0.8898770573642926,0.20077057736826173,1324.1645208789666,92.35187262960653,0.24946554387138856
0.34077310924369747,2.1298319327731092,0.0329559521937344,0.31212014010123623,2.7400506387428556,3.303451996978956,3.303923359704095,0.0077252363467532085,0.22668572229706754,358.9095325358285,129.03771147178333,0.9139883290125813,0.21451686875522183,1330.5192291839298,94.49603414199606,0.24173686193541927
0.3474285714285715,2.1714285714285717,0.03316155752053669,0.32529759678259873,2.8182537177203795,3.35789675043112,3.35835846031476,0.007773430281457842,0.22663746180778788,367.78512865655097,129.87163951391733,0.9378457648972077,0.22830135789521172,1336.6148762764496,96.59338125239015,0.23554786934115846
0.3540840336134454,2.2130252100840337,0.033349678213221864,0.33797967916684524,2.893777325704074,3.4116632186243283,3.4121160027656865,0.00781752560127696,0.22659329993339372,376.7005544812176,130.68159624646447,0.9614615803130094,0.24211642908273312,1342.4910011234442,98.65432669614165,0.2305943536341563
0.3607394957983193,2.254621848739496,0.0335217709493799,0.3501938054735514,2.9668432230854633,3.4647328377586124,3.4651773588185772,0.007857863770601065,0.2265528952094946,385.6544558808893,131.46920783716098,0.9848508767513748,0.25595785216465583,1348.1796738161809,100.68740653392354,0.22664117775223477
0.3673949579831933,2.2962184873949583,0.03367925358605084,0.3619654071674988,3.0376444919289467,3.5170950803172993,3.5175319413072317,0.007894777153480876,0.22651591527203976,394.64567071918754,132.23603740623426,1.0080305027164378,0.2698239760838218,1353.7063855578972,102.69939966889194,0.223496649264629
0.3740504201680673,2.3378151260504203,0.03382348020208227,0.37331810570986423,3.106350472716206,3.568745657236988,3.56917540649404,0.007928583163303643,0.22648204270764197,403.6731937332865,132.98356790870582,1.0310182743799907,0.2837151205675137,1359.092520888156,104.6960751353534,0.22101843684101438
0.38070588235294117,2.3794117647058823,0.033955725752964315,0.3842738707697311,3.173110659842858,3.6196851116032898,3.620108247691562,0.007959580665745656,0.22645097865062494,412.7361487330588,133.713192232168,1.0538323797023568,0.29763307546235795,1364.3556464949656,106.68218834024628,0.21908981582495005
0.3873613445378152,2.421008403361345,0.034077178887420664,0.3948531621257013,3.2380578113660423,3.6699177140201544,3.6703346903898755,0.007988048294932135,0.22642244446686347,421.83376643820526,134.42621019985526,1.0764909842087753,0.3115807263682385,1369.5103635988014,108.66170716589352,0.21761679882491206
0.39401680672268913,2.462605042016807,0.03418893913932823,0.4050750571860765,3.3013104591964724,3.719450592898243,3.7198618222292557,0.008014243795222656,0.22639618241199794,430.9653666602566,135.12382861851157,1.099011937980007,0.3255617505743865,1374.5688793420904,110.6379561237643,0.21652313425959127
0.400672268907563,2.504201680672269,0.03429201806167344,0.41495736579981507,3.3629749545075684,3.768293047452475,3.7686989056394546,0.008038404287051886,0.2263719553655936,440.1303438781343,135.80716430075893,1.1214125918308089,0.3395803902835952,1379.541456283967,112.61373112140876,0.2157465267698164
0.40732773109243703,2.5457983193277314,0.034387341380839195,0.42451673381188343,3.423147150524981,3.816456004838592,3.81685683462579,0.008060746771945924,0.22634954632612458,449.3281555002724,136.47724766336552,1.143709651728849,0.3536412601421087,1384.436766858493,114.59139082131367,0.2152357628720116
0.413983193277311,2.5873949579831934,0.03447575377604019,0.4337687366296695,3.481913796792469,3.86395158944634,3.864347703706817,0.008081469252899352,0.22632875729059615,458.5583122165585,137.13502789387945,1.1659191060568268,0.36774921054362386,1389.2621766186726,116.57293056629499,0.21494848759767396
0.4206386554621849,2.6289915966386554,0.034558023144041744,0.4427279639067937,3.5393537047614334,3.9107927821593673,3.911184466854255,0.008100751734095642,0.22630940825482482,467.82037009282095,137.7813781335343,1.1880561763606374,0.38190921563447455,1394.0239702166289,118.56004185262299,0.21484949305940104
0.4272941176470589,2.670588235294118,0.03463484607016737,0.45140809631279294,3.59553872766476,3.956993149813778,3.9573806666463027,0.008118757503392107,0.22629133593095338,477.1139239701576,138.41710058818313,1.210135287371292,0.3961262824218345,1398.727534267774,120.55416104854487,0.2149093746328789
0.43394957983193283,2.71218487394958,0.03470685335166784,0.45982197523832924,3.650534590055886,4.00256663088311,4.002950219674707,0.00813563442707671,0.22627439245269373,486.43860201495073,139.04293241987827,1.2321700852059096,0.41040539895935707,1403.3775065572822,122.55650971066405,0.21510345636707284
0.4406050420168067,2.753781512605042,0.034774614767180745,0.4679816661828987,3.7044015948179014,4.047527366438251,4.047907247260886,0.008151516067898794,0.22625844425729663,495.79406110949617,139.6595497885628,1.2541734108777784,0.4247514610164497,1407.9778964141676,124.56812726667829,0.21541094177594627
0.44726050420168073,2.7953781512605045,0.03483864453679586,0.47589851648309367,3.757195227976501,4.091889566346877,4.092265941426775,0.008166522964982721,0.22624337080563767,505.1799830400389,140.26757366806015,1.2761573540027495,0.4391692570835938,1412.5321838932307,126.58989830506528,0.21581426309109653
0.4539159663865546,2.8369747899159665,0.03489940589110431,0.4835832079622816,3.808966679822248,4.135667404585239,4.136040460008769,0.008180763704876397,0.22622906351116898,514.5960712524825,140.86757410474718,1.2981332690149823,0.45366343512255813,1417.0434027119416,128.62257583285714,0.2162984945293897
0.4605714285714286,2.8785714285714286,0.03495731567100195,0.49104580501541795,3.859763295448677,4.178874937344738,4.179244844584326,0.008194335999807035,0.22621542466166336,524.0420480745661,141.46007401442336,1.3201117889967418,0.46823847260801654,1421.5142067838228,130.66679981569212,0.21685093853610618
0.4672268907563026,2.920168067226891,0.03501274862741584,0.49829579858416295,3.909628966225826,4.221526039610089,4.221892956889599,0.008207327695594166,0.22620236641130115,533.5176523997083,142.04555351238335,1.3421028726812025,0.48289867292543687,1425.9469265520365,132.72311318435527,0.21746074952029013
0.4738823529411765,2.961764705882353,0.035066040853336256,0.505342146426335,3.9586044719042865,4.263634357012422,4.26399843053549,0.008219817576165,0.2261898099761553,543.022637734141,142.62445364469846,1.3641158425969586,0.497648160131295,1430.3436166453048,134.79197564565163,0.21811865418772408
0.4805378151260504,3.003361344537815,0.035117494314657965,0.5121933100389674,4.006727779171377,4.305213268589722,4.3055746336316,0.00823187642563979,0.22617768457210552,552.5567704070172,143.19717934809182,1.3861594053235478,0.5124908652587087,1434.7060957375543,136.87377535471035,0.21881668906087795
0.48719327731092443,3.0449579831932776,0.035167379185931255,0.5188572885549665,4.054034305804884,4.346275860576771,4.346634642474035,0.008243567575865415,0.22616592686730488,562.1198281908726,143.76410282642325,1.408241697582899,0.5274305329968156,1439.0359779908758,138.96883784513284,0.21954801077953612
0.49384873949579833,3.0865546218487396,0.035215937243525425,0.5253416498988763,4.100557152753856,4.38683490693253,4.387191221968566,0.008254947701815469,0.22615448018677978,571.7115990019673,144.325566124677,1.4303703109158117,0.5424707167812574,1443.3347022025746,141.07743487563573,0.22030673450131524
0.5005042016806722,3.1281512605042012,0.035263384511369275,0.531653559456877,4.146327310069635,4.426902856433646,4.42725681263614,0.008266067441786052,0.22614329389223417,581.3318798268763,144.88188381558606,1.4525523288263624,0.5576147847006317,1447.6035568077614,143.19979219133086,0.22108777810092975
0.5071596638655462,3.1697478991596637,0.03530991398270737,0.5377998064893628,4.1913738395901134,4.466491824484656,4.466843522341431,0.008276972035409306,0.22613232274403589,590.9804757490405,145.43334512726312,1.4747943493305502,0.5728659176294297,1451.8434879898216,145.33598988898257,0.22189596231871242
0.5138151260504202,3.211344537815126,0.03535569766802356,0.5437868284907832,4.235724038136147,4.505613589251972,4.505963122358443,0.008287701803713247,0.226121526421157,600.6571991890717,145.98021672413864,1.4971025406895169,0.5882271320307775,1456.0563011145405,147.4865610055292,0.22271139303991133
0.5204705882352941,3.2529411764705882,0.03540088827942417,0.5496207336804908,4.2794035835539255,4.544279591098925,4.5446270467462115,0.008298292543963597,0.22611086912633158,610.3618691597546,146.52274376736017,1.5194826338335348,0.6037012610449825,1460.2425062107457,149.6514113675213,0.22353265560642407
0.5271260504201681,3.2945378151260507,0.035445622090601495,0.5553073217897797,4.322436664351795,4.582500933390724,4.582846393087325,0.008308776200071678,0.2261003189156485,620.0943106087567,147.06115228595115,1.5419399729801506,0.6192909769610571,1464.4026700774875,151.830484336636,0.22435883432578463
0.533781512605042,3.3361344537815127,0.035489998769155984,0.5608522942525686,4.3648467636002675,4.620282382978061,4.620632277392229,0.008319172517609741,0.22608975411328816,629.8543731676573,147.59562779326944,1.5644785658204634,0.6349981168976804,1468.537426631574,154.02376876333028,0.2251894420155958
0.540436974789916,3.3777310924369752,0.03553416691990142,0.5662605058296141,4.406654092683754,4.657646498014067,4.657994434194917,0.0083295235614569,0.2260793365148949,639.6418536868717,148.12640821592623,1.5871049742083814,0.6508263868264045,1472.6474869831127,156.23130714976458,0.22602439448491166
0.5470924369747899,3.419327731092437,0.03557820007348918,0.5715371339841657,4.44787970773896,4.694597284624188,4.694943333233246,0.008339842954904017,0.22606895056690166,649.4566112945863,148.65364820084105,1.6098225575981948,0.6667773409241387,1476.7336470511723,158.45320279617533,0.22686392882541717
0.5537478991596639,3.4609243697478997,0.03562218090903198,0.5766869231955826,4.48854290667959,4.7311445504454674,4.7314887778202825,0.008350150078683605,0.226058576888576,659.298490021216,149.1775111176159,1.6326353105111513,0.682853045144085,1480.7967925526623,160.6896257581908,0.2277085773892056
0.5604033613445379,3.5025210084033622,0.035666182617337755,0.581714392557688,4.528661981334874,4.767297796059551,4.767640264546453,0.008360462089365351,0.22604819832334816,669.1673377226159,149.69814848726122,1.655546973676142,0.6990554521876126,1484.8379064703554,162.94082035178576,0.22855915400399235
0.5670588235294118,3.544117647058824,0.035710268981751836,0.5866238490053064,4.568254289595694,4.803066224079526,4.803406992345113,0.008370793938309381,0.22603779991985806,679.0630058046559,150.21570017630646,1.6785610166206908,0.7153863827916772,1488.8567356320887,165.20634705566283,0.22939724250474608
0.5737142857142857,3.585714285714286,0.03575449577937455,0.5914193996201819,4.607336319813723,4.838458747305253,4.8387978706155925,0.008381158700126734,0.22602736860349465,688.9853489306489,150.73029540966888,1.7016806577554753,0.7318475339088568,1492.853965730074,167.48630137636462,0.23023161144968232
0.5803697478991597,3.6273109243697483,0.03579891136343191,0.5961049630901778,4.645923750245965,4.873483997699008,4.87382152817648,0.008391567709194657,0.22601689303988068,698.9342248425288,151.24205401745638,1.7249088978966305,0.748440497159658,1496.8300395527913,169.78065130182347,0.2310613710758969
0.5870252100840336,3.66890756302521,0.03584355743805828,0.6006842803889576,4.684031503151058,4.908150335201102,4.9084863220586215,0.008402030741274616,0.22600636345325462,708.909494125866,151.75108684165775,1.7482485184804064,0.7651667527329529,1500.7853712572253,172.08935694805518,0.23188574384896773
0.5936806722689076,3.710504201680673,0.03588846955172435,0.6051609247373175,4.721673794543058,4.942465856737222,4.942800346493996,0.008412556129178161,0.225995771510805,718.9110200585754,152.25749664208897,1.7717021040894505,0.7820276810516915,1504.7203484947936,174.41237105781,0.23270407970483725
0.6003361344537816,3.7521008403361353,0.03593367822847053,0.6095383109019177,4.758864179127983,4.97643840451024,4.976771441184299,0.008423151027939405,0.22598511005749763,728.93866835918,152.76137823193355,1.7952720312176982,0.7990245506151908,1508.6353355228118,176.74964014284308,0.23351581867724533
0.6069915966386555,3.793697478991597,0.03597920938496406,0.6138197038822679,4.79561559221349,5.010075574772179,5.010407200057735,0.008433821512578314,0.2259743730183127,738.9923071629448,153.26282047732133,1.8189605458370934,0.8161585702509979,1512.5306770312525,179.10110617579392,0.23432047820354374
0.6136470588235294,3.835294117647059,0.03602508418851631,0.6180082270324134,4.831940388825291,5.043384726931902,5.043714980367827,0.00844457254482033,0.22596355543152455,749.071806792618,153.761904906136,1.8427696839213896,0.8334308284800257,1516.4066982140143,181.46670612037678,0.23511766528592762
0.6203025210084034,3.8768907563025214,0.03607132029223653,0.6221068696597748,4.867850378333104,5.076372991139345,5.076701910256594,0.00845540826262796,0.22595265315917093,759.1770397152966,154.2587080352556,1.8667013680086042,0.8508423603058313,1520.2637081821863,183.84637351163565,0.2359070359435831
0.6269579831932773,3.9184873949579835,0.03611793181680749,0.6261184941399973,4.903356857603903,5.1090472768000454,5.1093748972608415,0.008466331975929995,0.22594166289132278,769.3078803873781,154.75330076613577,1.8907573669250948,0.8683941154018986,1524.1019984227314,186.24003706411293,0.23668830257078433
0.6336134453781513,3.960084033613446,0.036164929977626825,0.6300458425833941,4.938470640965271,5.141414280219202,5.141740635942561,0.008477346313629603,0.225930581999077,779.4642051315576,155.2457488143004,1.9149393047655279,0.8860869620255494,1527.921848201533,188.64762360896725,0.23746123875785183
0.6402689075630253,4.0016806722689084,0.03621232284148217,0.6338915430856114,4.973202088806347,5.173480492822233,5.173805616104645,0.008488453166568032,0.22591940859159254,789.6458921307584,155.7361134139002,1.9392486847095023,0.9039217020759028,1531.7235231662937,191.0690568794405,0.23822566201383352
0.6469243697478992,4.0432773109243705,0.036260116655048566,0.6376581155924592,5.007561132418832,5.205252207571305,5.205576129188658,0.008499653998935795,0.2259081412046787,799.8528212549119,156.22445176789873,1.963686901964562,0.921899078545082,1535.507278566238,193.50425922422653,0.23898144634356755
0.6535798319327732,4.0848739495798325,0.03630831464162293,0.641347977406409,5.041557299651389,5.236735527590168,5.237058276904754,0.008510949566218545,0.22589677908284983,810.0848740881798,156.71081684455189,1.988255224742032,0.9400197596144658,1539.273359670564,195.95315159690722,0.2397284589581163
0.6602352941176471,4.126470588235295,0.03635691904475093,0.6449634483600428,5.075199735335968,5.2679363713177105,5.268257976361037,0.00852234039423988,0.22588532170028247,820.3419337581723,157.19525856372798,2.012954845786973,0.9582843748656111,1543.0219996723845,198.41565192070823,0.24046662709270536
0.666890756302521,4.168067226890757,0.036405929793006206,0.6485067556797232,5.10849722377379,5.298860480734757,5.29918096829758,0.00853382646617577,0.22587376907380047,830.6238849598377,157.6778232500805,2.0377868476152408,0.976693488107881,1546.7534247003996,200.8916780839022,0.24119590884602693
0.673546218487395,4.209663865546219,0.03645534540558909,0.6519800385609069,5.141458207349541,5.32951342710946,5.329832822818884,0.008545407434834494,0.22586212155059568,840.9306138533265,158.15855418200857,2.0627522233127014,0.9952476112337372,1550.46785239871,203.38114679851424,0.24191625552815543
0.6802016806722689,4.251260504201681,0.03650516339391592,0.6553853524748565,5.174090804347236,5.35990061697136,5.36021894536011,0.008557082716792635,0.22585037971409153,851.2620079757312,158.63749169890374,2.087851875587383,1.0139472021542317,1554.1654933151715,205.88397432810893,0.24262767224207743
0.6868571428571429,4.292857142857144,0.03655537968390661,0.6587246732249655,5.206402826626846,5.390027298834853,5.39034458341182,0.00856885135697534,0.22583854451936264,861.6179563297239,159.11467404698985,2.11308665531204,1.0327926923142339,1557.8465503703524,208.4000759222937,0.243330158104273
0.693512605042017,4.334453781512606,0.03660598927845349,0.6619999007695179,5.238401794810506,5.419898568419643,5.420214831730804,0.00858071218394443,0.22582661713784746,871.9983491905006,159.59013654536602,2.1384573124047366,1.0517844489748138,1561.5112207991958,210.9293669610347,0.24402373778709646
0.7001680672268908,4.376050420168068,0.03665698630116747,0.6652128628264251,5.270094953111906,5.449519374259561,5.449834637945202,0.008592663820153097,0.22581459894709283,882.403078117293,160.0639122528306,2.163964525435631,1.0709227961649848,1565.1596952004827,213.47176213792625,0.2447084423660565
0.7068235294117647,4.41764705882353,0.036708364217731146,0.6683653182743097,5.301489283012384,5.4788945228986865,5.479208807745588,0.008604704733832949,0.22580249147886675,892.8320359465815,160.53603258899045,2.1896089306078736,1.0902080355219161,1568.7921573090262,216.02717512008576,0.2453843374954328
0.7134789915966387,4.459243697478992,0.03676011570734422,0.6714589603632304,5.332591516450089,5.508028684232152,5.508342010223982,0.00861683320886017,0.22579029644929355,903.2851167209924,161.00652682911786,2.2153910905026537,1.1096404220150728,1572.4087895477137,218.59552231138684,0.24605148581741693
0.7201344537815126,4.500840336134454,0.036812232821722496,0.6744954197473708,5.363408147873692,5.536926396336549,5.537238782700263,0.008629047382026201,0.22577801572158143,913.7622156557604,161.47542232164147,2.2413115014533243,1.1292201686022387,1576.0097668155925,221.176718372172,0.24670996191788
0.7267899159663866,4.542436974789917,0.036864707455216195,0.677476267351097,5.393945445183474,5.565592069760078,5.565903535005707,0.008641345353237026,0.22576565119582453,924.2632291287536,161.94274529591715,2.267370634568928,1.14894747649798,1579.5952601057443,223.77067862237334,0.24735982738637272
0.7334453781512607,4.584033613445379,0.036917530577499906,0.6804030170789719,5.424209461389549,5.594029992932216,5.594340554897059,0.008653725005650405,0.22575320498886506,934.7880546872876,162.40852033173718,2.293568903472953,1.1688225102173204,1583.1654362742838,226.377318779598,0.24800116281289883
0.7401008403361345,4.625630252100841,0.03697069311580764,0.6832771283795491,5.454206043739274,5.622244335630866,5.622554011513871,0.008666184212478136,0.22574067922749125,945.3365908689134,162.8727699035459,2.3199066347300863,1.1888453743777219,1586.72045729607,228.99655429776135,0.24863406962936196
0.7467563025210084,4.667226890756303,0.03702418555367988,0.6861000086720678,5.483940843712446,5.650239153634178,5.650547960031842,0.008678720742929663,0.22572807614249363,955.9087373846496,163.3355160423401,2.3463841585958463,1.2090161820094738,1590.2604820325812,231.6283015432988,0.24925863589438846
0.7534117647058824,4.708823529411765,0.037077998385008776,0.688873015644526,5.51341932547407,5.678018392279932,5.678326345216437,0.00869133236864345,0.22571539796223372,966.5043949281236,163.79677923108025,2.373001744275834,1.2293350049276006,1593.785666511329,234.2724779307299,0.2498749471286819
0.7600672268907563,4.750420168067227,0.03713212181018394,0.6915974594310167,5.542646774686268,5.705585890677178,5.705893005635436,0.008704016792461558,0.22570264698386958,977.123465230803,164.25657885388244,2.399759622733587,1.2498018905512944,1597.2961628050139,236.9290010098964,0.2504831404803044
0.7667226890756303,4.79201680672269,0.03718654578755805,0.694274604675664,5.571628306429984,5.732945385378134,5.7332516773287905,0.008716771660493585,0.2256898255612914,987.7658510584371,164.71493345129707,2.426657999363379,1.2704168711796384,1600.7921188009707,239.59778815564243,0.25108329632035276
0.7733781512605044,4.833613445378152,0.037241260290011,0.696905672489988,5.600368872434503,5.7601005136694,5.760405997096134,0.008729594622257088,0.2256769360449818,998.4314561171622,165.1718603450055,2.4536970299239527,1.2911799451591048,1604.2736814487923,242.27875898137677,0.2516755380345962
0.7800336134453782,4.875210084033614,0.03729625511652035,0.699491842310066,5.628873268410635,5.787054817206238,5.78735950613129,0.00874248328650846,0.2256639808261843,1009.1201850582227,165.62737568253124,2.4808768205100282,1.3120910763647786,1607.740571944778,244.9715057789615,0.25227186774990257
0.7866890756302521,4.916806722689076,0.037351520318922485,0.702034253659423,5.6571461402656595,5.813811744824858,5.814115652829657,0.00875543532127854,0.2256509622368682,1019.8319435440292,166.08149578029932,2.5081975060645525,1.3331502542977116,1611.1912807688705,247.67462685449925,0.2527525108932914
0.793344537815126,4.958403361344538,0.03740704573009496,0.7045340078231879,5.685191991018536,5.840374656220689,5.840677796469244,0.008768448343275465,0.2256378826603252,1030.5666381170945,166.53423549725346,2.535659152007383,1.3543574181480842,1614.6310285894308,250.39199389628243,0.25315180862700376
0.8,5.0,0.03746282108196929,0.7069921694386818,5.713015186679001,5.866746824847591,5.867049210107712,0.00878151994554771,0.22562474450350684,1041.32417621985,166.9856087573351,2.5632617829618214,1.3757124784450756,1618.0648067967352,253.12735674705232,0.25340733860599884
0.8533333333333333,5.333333333333333,0.037917613702473874,0.7253057838480527,5.928419383712146,6.071558850455458,6.071855604550039,0.008888105962114898,0.22551762515421345,1128.3434810551737,170.55485140188617,2.7895443058940805,1.552168020519662,1645.0007638802656,275.39010400524603,0.25808796057103484
0.9066666666666667,5.666666666666667,0.03838291525406286,0.7414650372871825,6.131679118050294,6.265768971256511,6.2660658779494165,0.008997148511376661,0.22540788434824455,1216.7788896844195,174.04286683209693,3.0248373185540207,1.7380311686474208,1671.140284203274,298.38878620473565,0.26227901428299183
0.96,6.0,0.03885447603991704,0.75582864632576,6.324331043294919,6.450601521732701,6.450893610649983,0.009107664010531074,0.22529683551673935,1306.588282308325,177.45409468966753,3.269048406591567,1.9331849359921505,1696.5377551315044,322.0897702108082,0.2660017884463567
1.0133333333333332,6.333333333333332,0.03932868419844701,0.7686802965181716,6.507626728925354,6.627063608714922,6.627351365034883,0.009218799561343435,0.22518516663357596,1397.7324566890386,180.7920326961323,3.522042027831739,2.137480857277268,1721.2367141726145,346.457058422591,0.26928610612906273
1.0666666666666667,6.666666666666666,0.039802628470670454,0.7802467816913421,6.682598658087345,6.796007726595008,6.796291564031005,0.009329872750478556,0.22507356011208987,1490.1747268735628,184.05970798690467,3.7836627559834954,2.3507557869873716,1745.2463666911847,371.4240965593142,0.2721116566955279
1.12,7.000000000000001,0.04027399508844759,0.7907116968480201,6.850109950936423,6.958158647586792,6.958438923695131,0.009440341224397852,0.22496255830581963,1583.8807066482439,187.25984340045392,4.053743284844609,2.572837581818699,1768.6316425442333,396.9891920629191,0.27469535124659344
1.1733333333333333,7.333333333333333,0.04074097279643141,0.8002252560813636,7.01089021617815,7.114137856274735,7.114414883439301,0.00954978042468644,0.22485258577318024,1678.8180973717633,190.3949612756601,4.332110518107724,2.803549695428001,1791.4297011634703,423.1283304526228,0.2770652875099214
1.2266666666666666,7.666666666666666,0.04120216673887499,0.8089115492944166,7.165562277470121,7.264482423784556,7.264756477320322,0.009657863401622883,0.22474396946389277,1774.9565017572556,193.4674438507402,4.618589859462997,3.0427145755574125,1813.6745581849025,449.81968183049844,0.2792471664130526
1.28,8.0,0.04165651949278709,0.8168739847397151,7.314662456885448,7.409659768960102,7.409931093274172,0.009764342303137902,0.2246369572300268,1872.2672592283448,196.47956245088616,4.9130076962447555,3.290155713916995,1835.3975455377297,477.0434860684911,0.2812612378496128
1.3333333333333333,8.333333333333332,0.04210324629422209,0.8241994253493896,7.458656202949001,7.5500793253859575,7.55034813876332,0.009869033190907234,0.22453173300990661,1970.723299358599,199.43349390694752,5.215193091966168,3.5456991048606135,1856.6270898620805,504.781215595066,0.2831259582608335
1.3866666666666665,8.666666666666666,0.04254178108181511,0.8309613705275507,7.597950301532048,7.686101860390932,7.6863683587912455,0.009971803392216635,0.22442842947624636,2070.2990116288897,202.3313315536713,5.524979122774297,3.809174439812627,1877.389341841678,533.0157920651695,0.28485729614099714
1.44,9.0,0.04297170795847988,0.8372226161877938,7.732903241195162,7.818042715313119,7.818311815705926,0.01007254396716986,0.22432688872240705,2170.970168499374,205.1750518697623,5.842199274961362,4.080412089530142,1897.7084149060547,561.7314400375617,0.2864691143090905
1.4933333333333332,9.333333333333332,0.04339282357891777,0.8430364513228796,7.8638300972140796,7.946195202306286,7.946462125188071,0.010171230086926952,0.2242276692709061,2272.713657652456,207.9666578375262,6.166703684107376,4.359257071612739,1917.6065942850164,590.9135608737597,0.2879734948517552
1.5466666666666666,9.666666666666666,0.043804959412468134,0.8484493323107181,7.991013072559609,8.070809396325492,8.071074302804584,0.010267810910121696,0.2241305551159677,2375.50763257725,210.70797035441197,6.498335860169337,4.645549208806963,1937.1045213410632,620.5486247848376,0.2893810065704998
1.6,10.0,0.044208059596968996,0.8535013545660339,8.114703702602414,8.192113966891506,8.192377003422502,0.010362273357152004,0.22403555933719374,2479.331263475734,213.400771784157,6.836948454501287,4.939136645743655,1956.221356156765,650.6240779303716,0.29070094162202054
1.653333333333333,10.333333333333332,0.04460213587982548,0.8582274399016522,8.23512777343506,8.310315149731196,8.310576449847142,0.010454620196034891,0.22394267916656682,2584.1647011159826,216.04677003442544,7.182399117343819,5.239872353441099,1974.97492125505,681.1282619821209,0.2919414891699978
1.7066666666666666,10.666666666666666,0.04498725396961628,0.8626581449037942,8.35248879232515,8.425599633644875,8.425859319424628,0.010544866843086928,0.2238518991877709,2689.989007087685,218.64760260996675,7.534550707413939,5.5476143423879245,1993.3814755298686,712.0497299238405,0.2931085033753768
1.76,11.0,0.04536351947758238,0.8668203223300488,8.466970890459116,8.538136999026618,8.53839518236474,0.010633038067518195,0.22376319463159594,2796.7860901925237,221.2048348387668,7.893270667231135,5.862225140438052,2011.4564048541938,743.3781331380596,0.2942089650144327
1.8133333333333332,11.333333333333332,0.045731070608967916,0.8707376657900531,8.578741256151197,8.648081778842467,8.648338562531839,0.010719166278207633,0.22367653308916277,2904.538649201146,223.71996703805561,8.258431554651217,6.183572273640687,2029.214007304077,775.1036394890621,0.2952484514331129
1.8666666666666667,11.666666666666666,0.04609006834391467,0.8744311610523428,8.687952199329652,8.755575222009377,8.755830700691797,0.010803289222065268,0.22359187681356157,3013.230119709231,226.19443162082553,8.629910147586061,6.511527491399155,2046.6676396334663,807.2169729230591,0.296231935849316
1.92,12.0,0.04644069233943199,0.8779194621333943,8.79474290112943,8.860746797839731,8.861001058823115,0.010885449023415187,0.22350918368046765,3122.8446268596354,228.62960120062905,9.007588101115102,6.84596735092758,2063.8297987684455,839.7093668921834,0.29716386685233187
1.9733333333333332,12.333333333333332,0.04678313345549506,0.8812192063992538,8.899240917361176,8.963715498292677,8.963968622280134,0.01096569043210736,0.22342840894003183,3233.3669405277774,231.0267842400066,9.391350733665172,7.186772146730775,2080.712194270889,872.572521928289,0.2980482325617838
2.0266666666666664,12.666666666666664,0.047117592486297044,0.8843452799142786,9.00156346242819,9.06459095592448,9.064843017640841,0.011044060526101303,0.22334950551429408,3344.7824359034075,233.38723443381323,9.781087904428285,7.533826685630413,2097.3258148568525,905.7985707087264,0.2988886143888454
2.08,13.0,0.04744427453717576,0.8873110419669945,9.101818526237661,9.163474422801812,9.163725491559381,0.011120607393430477,0.22327242531522098,3457.0770562826087,235.71214864670122,10.1766931230284,7.887019493942041,2113.68090158348,939.3798725316487,0.2996895226473339
2.1333333333333333,13.333333333333332,0.04776338770084859,0.8901285159170744,9.200105837241251,9.260459618368559,9.260709758561879,0.011195379821910163,0.22319711955499774,3570.2372790818326,238.0026711391973,10.578063646899125,8.246242897326686,2129.7874670561278,973.3099299076684,0.30045165120657974
2.1866666666666665,13.666666666666666,0.048075141402728894,0.8928085521134921,9.296517702366376,9.355633472627819,9.355882744171245,0.011268426911284888,0.22312353913387906,3684.250084520794,240.25989648904934,10.985100406010906,8.61139294737003,2145.6544908558085,1007.5816369491604,0.30117790380496157
2.24,14.000000000000002,0.04837974414440911,0.8953609675386516,9.391139743196707,9.449076780629579,9.449325239350467,0.011339797544316767,0.22305163516910373,3799.1029263860837,242.48486996360933,11.397707480437617,8.982368945204893,2161.294508170474,1042.197024969265,0.3018050326857188
2.293333333333333,14.33333333333333,0.04867737798698295,0.8977948542308294,9.484052335324115,9.54086081416328,9.541113015940955,0.011409513389401929,0.22298095424122932,3914.7837666808587,244.6785558559189,11.81578534815931,9.359067340744131,2176.70833605722,1077.1340606068234,0.30237044129428153
2.3466666666666667,14.666666666666666,0.0489682947578511,0.9001179257244873,9.57532798661233,9.631063791896972,9.631315169198977,0.011477675391069373,0.22291225890880031,4031.280808513462,246.84198449609855,12.23925853883799,9.741406654640551,2191.903237004092,1112.385359455915,0.3028746570942045
2.4,15.0,0.04925266966509918,0.9023377495962048,9.665036643364926,9.719747226857958,9.719997830865683,0.011544303738931975,0.22284509723017643,4148.582836309192,248.9760349248319,12.668033658097672,10.129289646854039,2206.885904243154,1147.9433421789045,0.30332035592565726
