central_energy_density_mev_fm3,central_pressure_mev_fm3,radius_km,mass_msun,stable_branch
78.3661633654502,0.620795847850839,47.73,0.10953409923256047,True
79.73445715986715,0.6476845979748823,44.395,0.11165420724221242,True
81.12664172330268,0.6750428327381408,41.5125,0.11387312888994379,True
82.5431341948586,0.7028787494657217,38.9925,0.11620218907682395,True
83.98435899699487,0.7338005012602735,36.7725,0.11863627347240596,True
85.45074796269913,0.7664557356837087,34.805,0.12117594496120422,True
86.94274046487631,0.799681139076733,33.0525,0.12383056145449062,True
88.46078354799783,0.8334866667393065,31.485,0.12659683261715118,True
90.00533206204885,0.8697777127752664,30.075,0.129468664763322,True
91.57684879881472,0.9092273802968847,28.8,0.13247885274732998,True
93.17580463054708,0.9493658493744758,27.6475,0.13559347285089127,True
94.80267865105057,0.9902051466641123,26.5975,0.13884655558391515,True
96.4579583192335,1.0341059175607965,25.64,0.14222566949238252,True
98.14213960516491,1.0815499264641395,24.76,0.14573517614391254,True
99.85572713868136,1.1298223202236097,23.955,0.1493867705248661,True
101.59923436058885,1.1789375626563596,23.215,0.1531935290165861,True
103.37318367650495,1.2333169886529851,22.53,0.15712531098563404,True
105.17810661338616,1.2902160539729421,21.8975,0.16124262391161462,True
107.0145439787895,1.348108591917332,21.3125,0.1655008801928151,True
108.88304602291403,1.408612051000009,20.77,0.1699324427072473,True
110.78417260347146,1.47537975365973,20.265,0.17451528210549636,True
112.71849335343651,1.543313237943731,19.795,0.179305751936689,True
114.68658785172525,1.6124328587053565,19.3575,0.18425802252784862,True
116.6890457968535,1.6896835799239973,18.95,0.1894208353438464,True
118.7264671836284,1.7688228200159595,18.57,0.1947601443449313,True
120.79946248292401,1.849343852025029,18.215,0.20030537741395546,True
122.90865282459582,1.9376338766867638,17.885,0.20604041102714565,True
125.05467018359008,2.0291409741346214,17.57,0.21191457030054853,True
127.23815756930159,2.1222458095373096,17.285,0.21811510706880827,True
129.4597692182377,2.2240733570492073,17.015,0.22444898118881962,True
131.7201707900474,2.329325947262359,16.7625,0.23102866180920537,True
134.02003956697195,2.436416275344134,16.5225,0.23778970417280457,True
136.360064656778,2.554923309340579,16.3025,0.24486279658971805,True
138.74094719923545,2.6757665787802076,16.0925,0.2521157059131209,True
141.16340057619806,2.8016643500997462,15.895,0.25963571592160123,True
143.62815062535455,2.938208740354635,15.7125,0.2674587468197558,True
146.13593585771036,3.0771372315253425,15.5375,0.2755160881480766,True
148.68750767886664,3.227343333437906,15.375,0.28393059158778716,True
151.28363061416403,3.3847132152291364,15.22,0.2926437667618103,True
153.92508253775654,3.5474428010650643,15.075,0.3017054776769174,True
156.6126549056846,3.7257602530339375,14.9375,0.3111006626853435,True
159.34715299301956,3.9071911745474086,14.81,0.3208955474357098,True
162.129396135147,4.105252115106143,14.6875,0.3310883056785104,True
164.96021797326298,4.310677332223543,14.5725,0.34166465017053965,True
167.84046670415833,4.528894357007552,14.4625,0.3526879073101479,True
170.7710053343626,4.761348769859914,14.3625,0.36417982108270436,True
173.7527119387255,5.003311934437788,14.2675,0.37613200177162986,True
176.78647992351472,5.266202253270973,14.175,0.38858862345751144,True
179.8732182941061,5.53616493714198,14.0925,0.40158947800586753,True
183.01385192734747,5.833317652382788,14.0125,0.4151370795507486,True
186.20932184868016,6.136306456506179,13.94,0.42927735945901374,True
189.46058551409598,6.472023763676763,13.87,0.4440299513901549,True
192.76861709702047,6.813968708408839,13.8075,0.4594274532905382,True
196.13440778020285,7.193091548573148,13.7475,0.475501337671328,True
199.55896605270365,7.580978815510332,13.6925,0.49229075878259504,True
203.04331801206666,8.008957823654248,13.6425,0.5098371498352029,True
206.58850767176907,8.45100783575474,13.595,0.5281748405992173,True
210.1955972740368,8.933982892473942,13.555,0.5473339893943667,True
213.86566760812462,9.439856487982595,13.515,0.5673619242714252,True
217.59981833415134,9.984745750618904,13.4825,0.5883032476149448,True
221.3991683125905,10.56578128923086,13.45,0.610208215108361,True
225.26485593951264,11.180380304795351,13.425,0.6331171666245541,True
229.19803948768364,11.849863692005952,13.4,0.6570692563901747,True
233.19989745361516,12.548361553283288,13.38,0.6821175483802533,True
237.27162891067815,13.316423075938001,13.365,0.7083286183818704,True
241.4144538683795,14.127612435025348,13.35,0.7357406603366601,True
245.6296136379119,14.993471330679473,13.34,0.7644061128065907,True
249.91837120408837,15.937264598767047,13.3325,0.7943656183151292,True
254.2820116037675,16.931810504237504,13.3275,0.8256931387440536,True
258.7218423108897,18.012713569991675,13.3275,0.8584247064527627,True
263.2391936282335,19.176672627988975,13.3275,0.8926205628423476,True
267.8354190860137,20.409069019681283,13.3325,0.9283047989434934,True
272.5118958474372,21.756894084658406,13.3375,0.9655530399733366,True
277.2700251213433,23.2053445944952,13.3475,1.0043632925851151,True
282.1112325820445,24.745620312335745,13.3575,1.0447876669060188,True
287.0369687965023,26.42268968544887,13.37,1.0868336273710915,True
292.0487096589579,28.23633337280648,13.385,1.1305041182702584,True
297.14795683315367,30.171259315645965,13.4025,1.1758124044949798,True
302.3362382022748,32.24951979162144,13.42,1.2226970743502132,True
307.61510832674907,34.5240746598949,13.44,1.2711488319668427,True
312.9861489100366,36.95361432800892,13.46,1.321062100428903,True
318.45096927255616,39.54792694778587,13.48,1.372344893789261,True
324.01120683388376,42.34676462359683,13.5025,1.424847602800654,True
329.66852760337025,45.36963146159467,13.5225,1.4784013701169805,True
335.42462667932836,48.5858657038896,13.545,1.5327950037099705,True
341.2812287569325,52.0020852090338,13.5675,1.5877462137936489,True
347.2400886449867,55.63586169609531,13.5875,1.6429569452887922,True
353.3029917917188,59.51462904767651,13.6075,1.6980921235754687,True
359.47175481975154,63.58696675723328,13.625,1.7527542111820857,True
365.74822607041466,67.84542742784663,13.6425,1.8065902234640543,True
372.13428615756453,72.27921324585643,13.6575,1.8591702749673036,True
378.6318485310678,76.87908879758946,13.6725,1.9101451075593754,True
385.2428600501295,81.60984042208668,13.6825,1.9591107667146765,True
391.9693015666272,86.4325806984158,13.6925,2.0057955725484744,True
398.81318851863324,91.32098518083598,13.7,2.049965517309718,True
405.7765715342964,96.24717726076786,13.705,2.0914286565680666,True
412.8615370462735,101.1824062193904,13.7075,2.1300938091127097,True
420.07020791688166,106.07192349097872,13.7075,2.1659258028802224,True
427.40474407417287,110.90334188177481,13.7075,2.1989563488494794,True
434.8673431591099,115.66287951448231,13.705,2.2292759291894035,True
442.46024118404426,120.33508594891246,13.7025,2.2569978220572606,True
450.1857132026891,124.90768892732068,13.6975,2.2822808017404443,True
458.04607399179463,129.37179582454235,13.6925,2.3052952714420947,True
466.0436787447193,133.72187718307313,13.6875,2.326203752019664,True
474.1809237771176,137.94706682798088,13.68,2.34519866742461,True
482.4602472449442,142.04450770937837,13.6725,2.362449618851605,True
490.88412987499754,146.03332090035457,13.6625,2.378107824063434,True
499.4550957082166,149.9177128912812,13.655,2.3923221994037602,True
508.17571285595807,153.7030109807362,13.645,2.4052273083717886,True
517.0485942694783,157.39539683557263,13.635,2.4170106901525354,True
526.0763985228484,161.00165889837388,13.625,2.42772132715715,True
535.2618306095417,164.52897546532017,13.615,2.437428848642781,True
544.6076427529259,167.98473402016438,13.605,2.4463014226109103,True
554.1166352309145,171.37638562283095,13.595,2.454366894326859,True
563.791657215006,174.71133163688106,13.585,2.4617924674884692,True
573.6356076239834,177.99683989730542,13.575,2.468540616350615,True
583.6514359925126,181.2399844907421,13.565,2.474708427382596,True
593.8421433549097,184.44760302879854,13.5525,2.4803375393226825,True
604.2107831443369,187.6262711789836,13.5425,2.4854675552242065,True
614.7604621077032,190.78228814370044,13.53,2.4901717409515722,True
625.4943412365326,193.92167109002676,13.52,2.494443430301045,True
636.4156367140928,197.05015579992258,13.5075,2.498348026043226,True
647.5276208790556,200.1707712036835,13.4975,2.5018557428315162,True
658.8336232059862,203.28856988474348,13.485,2.5050798503390483,True
670.3370313029487,206.41157071871257,13.475,2.507967035433508,True
682.0412919265339,209.5444868965166,13.4625,2.5105510313666484,True
693.9499120146088,212.69179423187987,13.45,2.512860920780631,True
706.0664597370965,215.8577475196294,13.4375,2.5149137262818524,True
718.3945655651038,219.04428181271405,13.425,2.5167195937145617,True
730.9379233587173,222.25562020026646,13.4125,2.5182937083297916,True
743.7002914737897,225.4978553035006,13.4,2.519633858533191,True
756.6854938880533,228.77447688768314,13.3875,2.5207562636076997,True
769.8974213468981,232.08732141296335,13.375,2.5216430519775956,True
783.3400325291494,235.44004291573492,13.3625,2.5223532949965404,True
797.0173552332054,238.8373915325811,13.3475,2.5228610318933122,True
810.9334875838797,242.28168286250894,13.335,2.5231759433816108,True
825.0925992603247,245.7754252771939,13.32,2.523309905577929,True
839.4989327453827,249.3228479947414,13.3075,2.5232638084011714,False
854.1568045967632,252.92603244564384,13.2925,2.5230396506912363,False
869.0706067404061,256.5881403315124,13.2775,2.5226435519783625,False
884.2448077864327,260.3120258810072,13.2625,2.522086945689156,False
899.6839543680686,264.10028937778696,13.25,2.5213556320263093,False
915.3926725039499,267.95558697870865,13.235,2.5204694845968727,False
931.3756689842148,271.8808511980706,13.22,2.5194209949677555,False
947.6377327807927,275.8781431138162,13.2025,2.5181901875820993,False
964.1837364823203,279.9507142196131,13.1875,2.5168328796245025,False
981.0186377541131,284.0981237764387,13.1725,2.515331341245947,False
998.1474808236228,288.3237803697368,13.155,2.5137030409481587,False
1015.5753979918372,292.6527866641265,13.14,2.511876629409734,False
1033.3076111710695,297.0589846169032,13.1225,2.5099497312741095,False
1051.3494334495922,301.54211594317746,13.1075,2.5078730114353704,False
1069.7062706835954,306.10352391985634,13.09,2.5056663141104645,False
1088.3836231169355,310.74457527781414,13.0725,2.5033165891100477,False
1107.3870870291746,315.4968094154849,13.055,2.500853136665142,False
1126.7223564123822,320.37258725098815,13.0375,2.4982514897933443,False
1146.3952246772276,325.3334974480715,13.02,2.495526104932218,False
1166.411586388851,330.38102644012736,13.0025,2.4926454838578036,False
1186.7774390330492,335.5166866140656,12.985,2.489652159359656,False
1207.498884813293,340.81364485968885,12.9675,2.486547920199864,False
1228.582132479133,346.20838382846426,12.9475,2.4833109368347985,False
1250.0334991865125,351.6973163565062,12.93,2.479992440952434,False
1271.8594123905807,357.2820870880986,12.9125,2.476523330803046,False
1294.0664117715405,363.0193086249389,12.8925,2.472965230632419,False
1316.6611511941303,368.88053096924637,12.875,2.4692733714083057,False
1339.6504007013114,374.84409179507435,12.855,2.465504541111772,False
1363.0410485427733,380.9117779591881,12.835,2.461645383094005,False
1386.8401032388572,387.1332240766984,12.815,2.457645144722072,False
1411.054695680508,393.4838664271293,12.7975,2.4535825644516307,False
1435.6920812659007,399.94539266092886,12.7775,2.44941185208977,False
1460.7596420743685,406.51973883982345,12.7575,2.445146295061783,False
1486.2648890782855,413.2813271425399,12.7375,2.4407879963421113,False
1512.215464393577,420.16805694459896,12.7175,2.4363764270754755,False
1538.6191435695214,427.1750308577297,12.6975,2.431838168867891,False
1565.4838379185292,434.32870770227595,12.6775,2.4272322912444153,False
1592.8175968866042,441.6620341796411,12.6575,2.4225537751951745,False
1620.628610465187,449.1234024633224,12.6375,2.4178006120154167,False
1648.9252116451266,456.71504819688795,12.6175,2.412947502274437,False
1677.7158789134735,464.5077419396179,12.595,2.408032518306829,False
1707.0092387938946,472.44616429729075,12.575,2.403059124119793,False
1736.8140684314235,480.52319359427247,12.555,2.397997578448575,False
1767.1392982223533,488.787112712519,12.535,2.3928766436276776,False
1797.9940144900386,497.2263632226268,12.5125,2.387723009280136,False
1829.3874622074254,505.8129652631217,12.4925,2.3824820516035703,False
1861.3290477671196,514.584025353824,12.4725,2.3771634545112876,False
1893.8283417998107,523.5491567682305,12.45,2.3718334215811834,False
1926.8950820419134,532.6708217317309,12.43,2.3664119709253035,False
1960.53917625328,541.9848208144108,12.4075,2.360938514683982,False
1994.7707051858479,551.5022929590897,12.3875,2.3554322762730333,False
2029.5999256041305,561.1859426670788,12.3675,2.349875237890615,False
2065.037273358448,571.0788217293989,12.345,2.3442437973876116,False
2101.0933665118064,581.1766109172805,12.325,2.3386031306191994,False
2137.779008521382,591.4507101564623,12.3025,2.332932943293479,False
2175.1051914755435,601.9588312136838,12.2825,2.327203403576542,False
2213.08309938742,612.6665280863978,12.26,2.3214403105162624,False
2251.7241115459374,623.5674512095101,12.24,2.3156033000084326,False
2291.039805925402,634.7216000819366,12.22,2.3097824999807925,False
2331.041962654589,646.0705033231964,12.1975,2.3039036305240654,False
2371.74256754642,657.65138576594,12.1775,2.298038436791915,False
2413.1538156892493,669.468268853721,12.155,2.292094543073301,False
2455.2881151008883,681.4915151761735,12.135,2.286161696804859,False
2498.158090446386,693.7907760451578,12.115,2.2801774206625853,False
2541.7765868207684,706.3047852391875,12.0925,2.274192749983555,False
2586.1566735977913,719.074675540918,12.0725,2.2681765416656354,False
2631.311648345911,732.0948247621538,12.0525,2.2621316823195157,False
2677.2550408126167,745.3571311060888,12.0325,2.256092063020993,False
2724.000616978341,758.8994611440739,12.01,2.2500251650023104,False
2771.5623831811577,772.6782438212744,11.99,2.2439295890276436,False
2819.9545903134776,786.7572279980772,11.97,2.23786123309203,False
2869.1917380920368,801.0843567418394,11.95,2.231748637829127,False
2919.2885794024364,815.7074580392508,11.93,2.2256376540320444,False
2970.260124719529,830.6007205105589,11.91,2.219524179776257,False
3022.121646605,845.7904021199893,11.89,2.2134165848025193,False
3074.88868428348,861.2683417100716,11.87,2.207293639263567,False
3128.5770482985386,877.0473388882923,11.85,2.2011661825483357,False
3183.2028252499927,893.1292704652828,11.83,2.195032585652526,False
3238.7823826139065,909.5206747212748,11.81,2.1888986860652517,False
3295.3323736467896,926.2267020041853,11.79,2.182765781761053,False
3352.8697423753692,943.2540376669676,11.77,2.1766342731021147,False
3411.4117286735404,960.6050734735777,11.75,2.170514893614102,False
3470.97587342792,978.2923678491512,11.7325,2.164400159805082,False
3531.5800237936164,996.3101549286993,11.7125,2.15829467265971,False
3593.242338541747,1014.6820017670244,11.6925,2.1522069146111553,False
3655.98129350034,1033.3891339964193,11.675,2.1461147614797396,False
3719.815687090243,1052.4748514789992,11.655,2.140025519281528,False
3784.764645957664,1071.9050354855945,11.6375,2.133936651325009,False
3850.8476307050773,1091.7171216365723,11.6175,2.1278949764837813,False
3918.084441722192,1111.892483414374,11.6,2.121852810174069,False
3986.4952251187133,1132.4495639828115,11.5825,2.1158351282093997,False
4056.1004787607126,1153.3957740797093,11.565,2.109803368997048,False
4126.9210584123975,1174.7228811475666,11.545,2.1038269012396187,False
