model,parameter_name,parameter_value,a,b,K0,n,n_over_n0,eps_raw,eps,e_per_particle_minus_m,mu_b,pressure,dP_dn,d2eps_dn2,vs2
clausius,c,3.929255287110805,449.04417898406996,1.999231271761699,290.0000000858327,0.032,0.2,29.85937198581923,29.859372092042126,-4.894625443149039,927.3434387464966,-0.18438205215423054,-10.24360189361348,-320.11255917542127,-0.01104617929627011
clausius,c,3.929255287110805,449.04417898406996,1.999231271761699,290.0000000858327,0.036830188679245285,0.23018867924528302,34.33497642084028,34.33497448496301,-5.74910332759498,925.8560026187924,-0.23552321870106852,-10.889619557437227,-295.67102281976076,-0.011761677330638712
clausius,c,3.929255287110805,449.04417898406996,1.999231271761699,290.0000000858327,0.04166037735849057,0.26037735849056604,38.803676923010876,38.8036773134761,-6.571160815409257,924.4868119573882,-0.28920786438339263,-11.312622083142083,-271.54391775658075,-0.01223665057935246
clausius,c,3.929255287110805,449.04417898406996,1.999231271761699,290.0000000858327,0.04649056603773586,0.2905660377358491,43.266043327968084,43.26605062529209,-7.358645948738626,923.2340236968449,-0.344378278329323,-11.52030134287767,-247.79868959923553,-0.01247820276027923
clausius,c,3.929255287110805,449.04417898406996,1.999231271761699,290.0000000858327,0.05132075471698114,0.3207547169811321,47.72263803574732,47.72265438052351,-8.110361803452975,922.0953704338641,-0.40002404882330467,-11.520319130310835,-224.47680658326257,-0.012493630810542186
clausius,c,3.929255287110805,449.04417898406996,1.999231271761699,290.0000000858327,0.05615094339622642,0.3509433962264151,52.17401208721094,52.17402978663809,-8.82572559738594,921.0705348425976,-0.45505032075939766,-11.313556971926774,-201.48471757799695,-0.012283051670804079
clausius,c,3.929255287110805,449.04417898406996,1.999231271761699,290.0000000858327,0.060981132075471706,0.38113207547169814,56.62070318035252,56.62072117710067,-9.504557995456935,920.1556196814856,-0.5085898033164824,-10.91899950931075,-179.05537561679134,-0.011866470492339536
clausius,c,3.929255287110805,449.04417898406996,1.999231271761699,290.0000000858327,0.06581132075471699,0.41132075471698115,61.06323485810547,61.06325249433163,-10.14694739690674,919.3476453753228,-0.5597697194424498,-10.346133307389978,-157.2090210125197,-0.011253776913918325
clausius,c,3.929255287110805,449.04417898406996,1.999231271761699,290.0000000858327,0.07064150943396227,0.4415094339622642,65.50211642200172,65.50213328415113,-10.75315962444165,918.6436776170741,-0.6077572653147882,-9.603002724989143,-135.93994242105356,-0.010453457590759191
clausius,c,3.929255287110805,449.04417898406996,1.999231271761699,290.0000000858327,0.07547169811320754,0.4716981132075471,69.93784330242092,69.93785913053142,-11.323576242922854,918.0408979239256,-0.651753626838925,-8.696324232769495,-115.22629608419581,-0.009472698060005301
clausius,c,3.929255287110805,449.04417898406996,1.999231271761699,290.0000000858327,0.08030188679245283,0.5018867924528302,74.37089771771731,74.37091235026205,-11.858651541584209,917.5366487271009,-0.6909882562518277,-7.631581943721839,-95.03614732548343,-0.00831746824969786
clausius,c,3.929255287110805,449.04417898406996,1.999231271761699,290.0000000858327,0.08513207547169811,0.5320754716981132,78.8017495153128,78.80176285454758,-12.358882023142996,917.12846176596,-0.7247134302454725,-6.4131084412052655,-75.33128266486682,-0.00699259559435831
clausius,c,3.929255287110805,449.04417898406996,1.999231271761699,290.0000000858327,0.08996226415094341,0.5622641509433963,83.23085712557018,83.23086911516688,-12.824784468284633,916.8140754876129,-0.7521990788472834,-5.0441529897451725,-56.06965361923115,-0.00550182760562703
clausius,c,3.929255287110805,449.04417898406996,1.999231271761699,290.0000000858327,0.0947924528301887,0.5924528301886793,87.65866858331944,87.65867919360176,-13.25687999284844,916.5914452105005,-0.7727278589309066,-3.5269383943616233,-37.206953602939095,-0.0038478849140378365
clausius,c,3.929255287110805,449.04417898406996,1.999231271761699,290.0000000858327,0.09962264150943398,0.6226415094339623,92.08562258763153,92.08563180563516,-13.655682359001844,916.4587485694849,-0.7855904387128732,-1.8627073748153007,-18.697630845683886,-0.002032505421245452
clausius,c,3.929255287110805,449.04417898406996,1.999231271761699,290.0000000858327,0.10445283018867926,0.6528301886792454,96.51214958090586,96.51215740357142,-14.021689344651463,916.41438795298,-0.7900809562563609,-0.051759119568385956,-0.4955262530932903,-5.648003812336658e-05
clausius,c,3.929255287110805,449.04417898406996,1.999231271761699,290.0000000858327,0.10928301886792455,0.6830188679245284,100.93867283544647,100.93867926488423,-14.355376333104005,916.4569911104604,-0.7854926137184179,1.9065234654204806,17.44574303647884,0.002080319626467542
clausius,c,3.929255287110805,449.04417898406996,1.999231271761699,290.0000000858327,0.11411320754716982,0.7132075471698114,105.36560954060607,105.36561458075117,-14.657191525773555,916.5854107528655,-0.7711133688015224,4.013655412966972,35.1725755435267,0.0043789213376964325
clausius,c,3.929255287110805,449.04417898406996,1.999231271761699,290.0000000858327,0.1189433962264151,0.7433962264150944,109.79337188700742,109.79337554121213,-14.927552345908452,916.7987237286123,-0.7462216848881127,6.272039965445042,52.731300470905325,0.00684123985244734
clausius,c,3.929255287110805,449.04417898406996,1.999231271761699,290.0000000858327,0.12377358490566039,0.7735849056603774,114.22236814677532,114.22237041604119,-15.166842716601877,917.096230193235,-0.7100823015577475,8.684967268391993,70.16818067450848,0.009470071931886629
clausius,c,3.929255287110805,449.04417898406996,1.999231271761699,290.0000000858327,0.12860377358490566,0.8037735849056603,118.6530037504762,118.65300463212384,-15.375410977811157,917.4774530785548,-0.6619419871534689,11.256621403597409,87.52947981083666,0.012269098674660958
clausius,c,3.929255287110805,449.04417898406996,1.999231271761699,290.0000000858327,0.13343396226415094,0.8339622641509433,123.08568236276756,123.085681849396,-15.553568265458011,917.9421380902514,-0.6010252347873575,13.992095783200714,104.86157756075195,0.015242895170180128
clausius,c,3.929255287110805,449.04417898406996,1.999231271761699,290.0000000858327,0.13826415094339622,0.8641509433962263,127.52080695972333,127.5208050383608,-15.701587218158238,918.4902544106875,-0.5265298624831161,16.897417036328363,122.21112212409979,0.01839694755081524
clausius,c,3.929255287110805,449.04417898406996,1.999231271761699,290.0000000858327,0.1430943396226415,0.8943396226415095,131.9587809115846,131.95877756295906,-15.819700907966308,919.1219962487014,-0.43762247710714064,19.97957762891619,139.62521286030565,0.02173767759934014
clausius,c,3.929255287110805,449.04417898406996,1.999231271761699,290.0000000858327,0.1479245283018868,0.9245283018867925,136.40000907531385,136.40000427318702,-15.908101914332406,919.8377853558178,-0.3334337601754953,23.246577585357393,157.15160867652318,0.025272475164047535
clausius,c,3.929255287110805,449.04417898406996,1.999231271761699,290.0000000858327,0.15275471698113208,0.9547169811320755,140.84489890187626,140.84489261239983,-15.96694147734172,920.6382746163212,-0.2130535313859525,26.707475803018784,174.8389596788532,0.02900973872083388
clausius,c,3.929255287110805,449.04417898406996,1.999231271761699,290.0000000858327,0.15758490566037736,0.9849056603773585,145.29386156367275,145.29385374473515,-15.996328678800865,921.5243528116667,-0.07552554316833948,30.372451593785815,192.73706111956994,0.03295892452664577
clausius,c,3.929255287110805,449.04417898406996,1.999231271761699,290.0000000858327,0.16241509433962265,1.0150943396226415,149.747313108041,149.74730370857714,-15.996329608948372,922.4971506607068,0.08015804401463811,34.25287723400851,210.89712980976427,0.037130604912412
clausius,c,3.929255287110805,449.04417898406996,1.999231271761699,290.0000000858327,0.16724528301886793,1.0452830188679245,154.20567564323645,154.20566460247437,-15.966966483356146,923.5580482406414,0.2550625598849763,38.36140248136259,229.37210418684762,0.04153653639253131
clausius,c,3.929255287110805,449.04417898406996,1.999231271761699,290.0000000858327,0.1720754716981132,1.0754716981132075,158.66937856382546,158.6693658104533,-15.908216679523093,924.7086839025167,0.4503171554137282,42.71205219900841,248.2169700161673,0.04618973839280084
clausius,c,3.929255287110805,449.04417898406996,1.999231271761699,290.0000000858327,0.1769056603773585,1.1056603773584905,163.13885982302006,163.13884527424256,-15.820011665948982,925.9509648063104,0.6671216318700033,47.32033844506185,267.48911450386925,0.0511045835509878
clausius,c,3.929255287110805,449.04417898406996,1.999231271761699,290.0000000858327,0.18173584905660378,1.1358490566037736,167.61456726009348,167.61455082056548,-15.702235798904326,927.2870792164518,0.9067538400545914,52.203388626092945,287.2487123321144,0.05629690070760425
clausius,c,3.929255287110805,449.04417898406996,1.999231271761699,290.0000000858327,0.18656603773584907,1.1660377358490566,172.09695999176958,172.09694155237682,-15.554724963209196,928.7195107167363,1.1705777300210798,57.38009159569189,307.55914791380155,0.06178409189595789
clausius,c,3.929255287110805,449.04417898406996,1.999231271761699,290.0000000858327,0.19139622641509435,1.1962264150943396,176.58650987728038,176.5864893137432,-15.377265033925482,930.2510545258175,1.4600521411604461,62.87126389689084,328.48747895654714,0.06758526484975455
clausius,c,3.929255287110805,449.04417898406996,1.999231271761699,290.0000000858327,0.1962264150943396,1.2264150943396226,181.08370306773278,181.0836802390019,-15.169590135592443,931.8848361212167,1.7767404338406152,68.69983872372377,350.10494734205383,0.07372138279411546
clausius,c,3.929255287110805,449.04417898406996,1.999231271761699,290.0000000858327,0.2010566037735849,1.2566037735849056,185.58904165149346,185.58901639790707,-14.931380674816637,933.6243324092508,2.122321076677366,74.8910806063265,372.4875443069918,0.08021543355994953
clausius,c,3.929255287110805,449.04417898406996,1.999231271761699,290.0000000858327,0.20588679245283018,1.2867924528301886,190.10304540854327,190.10301754970308,-14.662261120528456,935.4733957147404,2.4985993189619364,81.47282934128268,395.7166381129016,0.08709262039358592
clausius,c,3.929255287110805,449.04417898406996,1.999231271761699,290.0000000858327,0.21071698113207546,1.3169811320754716,194.6262536881634,194.6262230204847,-14.361797504238893,937.4362809049136,2.907520095478958,88.47577727604772,419.8796736775188,0.09438057719575506
clausius,c,3.929255287110805,449.04417898406996,1.999231271761699,290.0000000858327,0.21554716981132074,1.3471698113207546,199.1592274259503,199.15919371983316,-14.02949460999946,939.5176760102473,3.3511823318850418,95.93378477114244,445.0709552582764,0.10210961136839335
clausius,c,3.929255287110805,449.04417898406996,1.999231271761699,290.0000000858327,0.22037735849056603,1.3773584905660377,203.70255131804404,203.70251431460056,-13.664792820519324,941.7227367606961,3.8318548432282853,103.88423948967757,471.3925250815849,0.11031297794403354
clausius,c,3.929255287110805,449.04417898406996,1.999231271761699,290.0000000858327,0.2252075471698113,1.4075471698113207,208.25683617262618,208.25679557988803,-13.267064582004991,944.0571255204878,4.351994046763707,112.36846615921668,498.95515301931,0.11902718926809061
clausius,c,3.929255287110805,449.04417898406996,1.999231271761699,290.0000000858327,0.2300377358490566,1.4377358490566037,212.82272146125814,212.8226769497754,-12.835610445646125,946.5270551812465,4.914263743993615,121.43219463063903,527.8794550052386,0.12829236519540002
clausius,c,3.929255287110805,449.04417898406996,1.999231271761699,290.0000000858327,0.23486792452830188,1.4679245283018867,217.40087809554996,217.40082929326823,-12.369654638162956,949.1393386617611,5.521557266384633,131.1260954736578,558.297160998061,0.13815262957969798
clausius,c,3.929255287110805,449.04417898406996,1.999231271761699,290.0000000858327,0.23969811320754716,1.4981132075471697,221.99201145801837,221.991957944311,-11.868340107448489,951.9014447679725,6.177022326110176,141.50639403496925,590.3525569783824,0.14865655978646156
clausius,c,3.929255287110805,449.04417898406996,1.999231271761699,290.0000000858327,0.24452830188679245,1.5283018867924527,226.59686471994092,226.5968060186323,-11.330722981723056,954.8215612895895,6.884088968406928,152.63557593923656,624.2041299984211,0.1598576971105321
clausius,c,3.929255287110805,449.04417898406996,1.999231271761699,290.0000000858327,0.24935849056603773,1.5584905660377357,231.21622248357718,231.21615805477106,-10.755766371853042,957.9086663564314,7.6465010879949205,164.58319946880403,660.0264506542535,0.17181512731774756
clausius,c,3.929255287110805,449.04417898406996,1.999231271761699,290.0000000858327,0.254188679245283,1.5886792452830187,235.85091479148912,235.85084402196935,-10.142333436095214,961.1726092500985,8.468352050055671,177.4268332514099,698.012333901776,0.1845941421383588
clausius,c,3.929255287110805,449.04417898406996,1.999231271761699,290.0000000858327,0.2590188679245283,1.6188679245283017,240.50182155195273,240.50174374387504,-9.48917961440145,964.6242020730101,9.354125049677435,191.2531413254612,738.375327086935,0.19826699445696233
clausius,c,3.929255287110805,449.04417898406996,1.999231271761699,290.0000000858327,0.2638490566037736,1.649056603773585,245.16987743680542,245.1697917943383,-8.794943925151188,968.2753239226679,10.308738955370927,206.15914210314162,781.3525837719183,0.21291376224269729
clausius,c,3.929255287110805,449.04417898406996,1.999231271761699,290.0000000858327,0.2686792452830189,1.679245283018868,249.85607731674125,249.85598293022656,-8.058139200331084,972.1390395142073,11.337600516609541,222.25367320758446,827.2081938203634,0.2286233390222123
clausius,c,3.929255287110805,449.04417898406996,1.999231271761699,290.0000000858327,0.2735094339622642,1.709433962264151,254.56148230927352,254.5613781363933,-7.277141115377049,976.2297345481138,12.44666397699271,239.6591008725881,876.2370547907815,0.2454945720164155
clausius,c,3.929255287110805,449.04417898406996,1.999231271761699,290.0000000858327,0.27833962264150947,1.739622641509434,259.28722652671394,259.28711137001204,-6.45017584626919,980.5632705493202,13.642499330810097,258.51332092243615,928.7693878043056,0.2636375731038903
clausius,c,3.929255287110805,449.04417898406996,1.999231271761699,290.0000000858327,0.28316981132075475,1.7698113207547173,264.0345246259011,264.0343971058548,-5.575306158531703,985.1571624208939,14.932370698159843,278.9721086616973,985.1760233921877,0.2831752326462918
clausius,c,3.929255287110805,449.04417898406996,1.999231271761699,290.0000000858327,0.28800000000000003,1.8000000000000003,268.8046802785721,268.80453880121183,-4.650415699402515,990.0307825883878,16.324326584243863,301.21188791045427,1045.8746108001883,0.304244972184552
clausius,c,3.929255287110805,449.04417898406996,1.999231271761699,290.0000000858327,0.2928301886792453,1.8301886792452833,273.59909570183254,273.5989384196442,-3.6731912244122213,995.2055963805608,17.827304143116294,325.433005575453,1111.3369391429774,0.32700077929526566
clausius,c,3.929255287110805,449.04417898406996,1.999231271761699,290.0000000858327,0.2976603773584906,1.8603773584905663,278.4192824128518,278.41910717736766,-2.6411024416109967,1000.7054342394705,19.451250003045345,351.8636185356744,1182.0976028391697,0.3516155768686201
clausius,c,3.929255287110805,449.04417898406996,1.999231271761699,290.0000000858327,0.3024905660377359,1.8905660377358493,283.2668734016985,283.26667770575324,-1.5513790986765343,1006.5568075186937,21.207260749712816,380.7643254475096,1258.7642994459834,0.37828399013677927
clausius,c,3.929255287110805,449.04417898406996,1.999231271761699,290.0000000858327,0.3073207547169811,1.9207547169811319,288.1436369523105,288.1434178593772,-0.40098486785018395,1012.7892760732002,23.107746832703583,412.43370894965017,1342.030118758071,0.4072255884745774
clausius,c,3.929255287110805,449.04417898406996,1.999231271761699,290.0000000858327,0.3121509433962264,1.9509433962264149,293.05149238548324,293.05124644277095,0.8134125018503937,1019.4358776429598,25.166624495438953,447.2149959363324,1432.6882727650882,0.43868869611528616
clausius,c,3.929255287110805,449.04417898406996,1.999231271761699,290.0000000858327,0.3169811320754717,1.981132075471698,297.9925280514191,297.9922511824474,2.0954754003101925,1026.5336312813201,27.399541374650312,485.50409788309446,1531.6498326073813,0.4729548872910163
clausius,c,3.929255287110805,449.04417898406996,1.999231271761699,290.0000000858327,0.321811320754717,2.0113207547169814,302.9690219652971,302.96870933637075,3.4492357036083376,1034.1241299097003,29.824142734192492,527.7593637292574,1639.9651898247328,0.510344308255665
clausius,c,3.929255287110805,449.04417898406996,1.999231271761699,290.0000000858327,0.3266415094339623,2.0415094339622644,307.98346556068304,307.98311141396835,4.879140175381167,1042.2542406596338,32.460386969042645,574.5134699048274,1758.8501562474496,0.5512220027439972
clausius,c,3.929255287110805,449.04417898406996,1.999231271761699,290.0000000858327,0.3314716981132076,2.0716981132075474,313.0385911366022,313.0381885801782,6.390103041889461,1050.9769362194695,35.33092114630563,626.3879932056504,1889.7178756773376,0.5960054608418595
clausius,c,3.929255287110805,449.04417898406996,1.999231271761699,290.0000000858327,0.3363018867924529,2.1018867924528304,318.1374037001711,318.1369444422689,7.987567106657593,1060.3522862375817,38.46153008412091,684.1113726969912,2034.2180628893923,0.6451736668804708
clausius,c,3.929255287110805,449.04417898406996,1.999231271761699,290.0000000858327,0.34113207547169816,2.1320754716981134,323.2832180649897,323.2826920752805,9.677575079892222,1070.4486453546938,41.88167600043391,748.5411812327721,2194.285542330582,0.6992779938403701
clausius,c,3.929255287110805,449.04417898406996,1.999231271761699,290.0000000858327,0.34596226415094344,2.1622641509433964,328.4797022655388,328.4790973403274,11.466853189002677,1081.3440842018292,45.62515035636585,820.6919157868705,2372.2006728132706,0.7589553850406889
clausius,c,3.929255287110805,449.04417898406996,1.999231271761699,290.0000000858327,0.35079245283018873,2.1924528301886794,333.7309286022819,333.73022980204524,13.362909634301786,1093.1281224660436,49.73086553547711,901.7699081241841,2570.665078021824,0.8249443862900858
clausius,c,3.929255287110805,449.04417898406996,1.999231271761699,290.0000000858327,0.355622641509434,2.2226415094339624,339.04143395813855,339.0406228739814,15.374151091964222,1105.9038399503975,54.24382194460526,993.2174952616309,2792.897243679246,0.8981047532181271
clausius,c,3.929255287110805,449.04417898406996,1.999231271761699,290.0000000858327,0.3604528301886793,2.2528301886792454,344.4162914476978,344.41534523631935,17.51002129020003,1119.7904639078276,59.21629669755123,1096.769334582216,3042.754121276039,0.9794415740554954
clausius,c,3.929255287110805,449.04417898406996,1.999231271761699,290.0000000858327,0.3652830188679246,2.2830188679245285,349.86119600779915,349.8600861100709,19.78116675688807,1134.9265608852236,64.70931424347498,1214.5247921574228,3324.887085968151,1.0701351382684303
clausius,c,3.929255287110805,449.04417898406996,1.999231271761699,290.0000000858327,0.37011320754716986,2.3132075471698115,355.38256725611967,355.38125767849584,22.199636244613544,1151.474001838373,70.79447854908011,1349.0418112873708,3644.9437193225244,1.1715781764360924
clausius,c,3.929255287110805,449.04417898406996,1.999231271761699,290.0000000858327,0.37494339622641515,2.3433962264150945,360.987673894834,360.9861188796492,24.779122203411816,1169.6229246292598,77.55627278511787,1503.4597884331868,4009.831360052279,1.2854226407282028
clausius,c,3.929255287110805,449.04417898406996,1.999231271761699,290.0000000858327,0.37977358490566043,2.3735849056603775,366.6847852068178,366.6829260375281,27.535255165010994,1189.5979944185804,85.09496889939999,1681.662064686205,4428.06485633788,1.4136389541478023
clausius,c,3.929255287110805,449.04417898406996,1.999231271761699,290.0000000858327,0.3846037735849057,2.4037735849056605,372.48335690747314,372.4811174726666,30.48596527158918,1211.6663690946893,93.53034040707212,1888.4931828621418,4910.230508815419,1.558591730389572
clausius,c,3.929255287110805,449.04417898406996,1.999231271761699,290.0000000858327,0.38943396226415095,2.4339622641509435,378.3942609579757,378.3915415080745,33.65192978549953,1236.1479274731457,103.00644383241092,2130.0528606532475,5469.612481328591,1.7231375091226864
clausius,c,3.929255287110805,449.04417898406996,1.999231271761699,290.0000000858327,0.39426415094339623,2.4641509433962265,384.4300721832873,384.4267404133492,37.05713178188296,1263.4285333790358,113.69783757699668,2414.0989855671583,6123.04968582788,1.910752307541019
clausius,c,3.929255287110805,449.04417898406996,1.999231271761699,290.0000000858327,0.3990943396226415,2.4943396226415095,390.6054290705318,390.60130717748336,40.72956414231203,1293.9774209463387,125.81775712170452,2750.607999865818,6892.12481055637,2.1257001515947516
clausius,c,3.929255287110805,449.04417898406996,1.999231271761699,290.0000000858327,0.4039245283018868,2.5245283018867926,396.9374925576151,396.9323381200077,44.70212563310906,1328.3702456291287,139.62898675599962,3152.5664686712116,7804.84037927757,2.3732588704424997
clausius,c,3.929255287110805,449.04417898406996,1.999231271761699,290.0000000858327,0.4087547169811321,2.5547169811320756,403.4465358966103,403.4400130728278,49.01377411929229,1367.3200310742218,155.45849925154846,3637.1087789801436,8898.022769846179,2.660027423223431
clausius,c,3.929255287110805,449.04417898406996,1.999231271761699,290.0000000858327,0.41358490566037737,2.5849056603773586,410.1567122697437,410.1483474644458,53.71102875439851,1411.719282609807,173.71743885266676,4227.184205958866,10220.837724261857,2.994351821945923
clausius,c,3.929255287110805,449.04417898406996,1.999231271761699,290.0000000858327,0.41841509433962265,2.6150943396226416,417.0970671256286,417.08617908160295,58.84995299685761,1462.6981444942767,194.9288030373608,4954.053078930459,11840.043884528965,3.386927848085367
clausius,c,3.929255287110805,449.04417898406996,1.999231271761699,290.0000000858327,0.42324528301886793,2.6452830188679246,424.3028931040443,424.28847963249734,64.49881127471235,1521.706001754834,219.76640775173735,5861.116808478833,13848.038108477984,3.8516748975950565
clausius,c,3.929255287110805,449.04417898406996,1.999231271761699,290.0000000858327,0.4280754716981132,2.6754716981132076,431.81757353855005,431.7981222522586,70.74168712725464,1590.6279621131105,249.11069292551974,7009.960379624034,16375.524511639362,4.407039575936709
clausius,c,3.929255287110805,449.04417898406996,1.999231271761699,290.0000000858327,0.4329056603773585,2.7056603773584906,439.695137348175,439.6682980517402,77.68350241689654,1671.9542082778858,284.13014260350155,8490.19580217815,19612.11547748614,5.078007376124887
clausius,c,3.929255287110805,449.04417898406996,1.999231271761699,290.0000000858327,0.4377358490566038,2.7358490566037736,448.00387423416936,447.9658681835091,85.45712648323172,1769.03098510932,326.4024120907593,10436.1079990559,23841.108790946666,5.899335900219398
clausius,c,3.929255287110805,449.04417898406996,1.999231271761699,290.0000000858327,0.44256603773584907,2.7660377358490567,456.83157271986767,456.7760749600609,94.23368665386192,1886.4396985568105,378.0980678578362,13056.077409306197,29500.857038422084,6.921014978265424
clausius,c,3.929255287110805,449.04417898406996,1.999231271761699,290.0000000858327,0.44739622641509436,2.7962264150943397,466.2933186657358,466.20921831242634,104.23793392729408,2030.5788214518514,442.26408384354164,16687.437623518246,37299.012906817945,8.218069373730014
clausius,c,3.929255287110805,449.04417898406996,1.999231271761699,290.0000000858327,0.45222641509433964,2.8264150943396227,476.54347827924784,476.41006330450386,115.77187703605364,2210.562463795173,523.2646750396981,21905.729004090022,48439.73786785594,9.90957250150782
clausius,c,3.929255287110805,449.04417898406996,1.999231271761699,290.0000000858327,0.4570566037735849,2.8566037735849057,487.794807561654,487.57045374038455,129.25250993921986,2439.570727422599,627.4514576008424,29761.37070511083,65115.28432013185,12.199429338354806
clausius,c,3.929255287110805,449.04417898406996,1.999231271761699,290.0000000858327,0.4618867924528302,2.8867924528301887,500.35030861811725,499.9426355109403,145.27476947549894,2736.574513325124,764.044988756966,42353.036324414075,91695.70772851087,15.476661102478902
clausius,c,3.929255287110805,449.04417898406996,1.999231271761699,290.0000000858327,0.4667169811320755,2.9169811320754717,514.6592816340868,513.8325576528255,164.72242588157337,3126.450501862899,945.334982235489,64455.32435062278,138103.6622971785,20.616134594875884
clausius,c,3.929255287110805,449.04417898406996,1.999231271761699,290.0000000858327,0.4715471698113208,2.9471698113207547,531.4228134018855,529.4289639480312,188.97699705105356,3620.9978517833397,1178.042324953275,109445.57259992875,232098.88555522662,30.22525201058235
clausius,c,3.929255287110805,449.04417898406996,1.999231271761699,290.0000000858327,0.47637735849056606,2.9773584905660377,551.8102277641203,545.0145077106584,220.34688179255295,3974.4609757028,1348.3287133184795,234300.52479651818,491838.0788266581,58.951522289154454
clausius,c,3.929255287110805,449.04417898406996,1.999231271761699,290.0000000858327,0.48120754716981134,3.0075471698113208,577.9577247846029,571.1549954706893,263.0570660909641,6394.160708314153,2505.763395186748,393138.9456227673,816984.16397454,61.48405765147245
clausius,c,3.929255287110805,449.04417898406996,1.999231271761699,290.0000000858327,0.48603773584905663,3.0377358490566038,614.3228055384382,611.0708796682441,325.94055487333935,10723.717267448841,4601.060380888023,654238.7158569123,1346065.6809167839,61.00857562170276
clausius,c,3.929255287110805,449.04417898406996,1.999231271761699,290.0000000858327,0.4908679245283019,3.0679245283018868,672.4502699267813,677.4785956198334,431.9209834762994,18670.14973006666,8487.099053010623,1100151.7947211259,2241237.8966874103,58.92570818269479
clausius,c,3.929255287110805,449.04417898406996,1.999231271761699,290.0000000858327,0.49569811320754725,3.0981132075471702,798.6104647406513,798.1143854993718,673.082316963098,33872.67830667831,15992.508340407283,1901550.2918093884,3836105.5673682084,56.138173503524825
