central_energy_density_mev_fm3,central_pressure_mev_fm3,radius_km,mass_msun,stable_branch
82.17108125441318,0.6612552766876089,46.8325,0.108305439786774,True
83.55845036219516,0.6902436733683386,43.38,0.11052403711307938,True
84.96924368457726,0.7221476637401154,40.4,0.11287498901010953,True
86.40385671388134,0.7545903182012669,37.8175,0.11534160320570779,True
87.86269161988571,0.7875807315075821,35.5475,0.11795274137857605,True
89.34615736256701,0.8212067463331725,33.55,0.12068675185559183,True
90.85466980674516,0.8602153525602191,31.78,0.1235421434284725,True
92.38865183866398,0.8998825765684944,30.2,0.12657687411074203,True
93.94853348454055,0.9402195384010812,28.7875,0.12975516885039878,True
95.53475203111554,0.9812375458508592,27.5175,0.13304705796973215,True
97.14775214823963,1.0282009021242429,26.3725,0.13650535415635467,True
98.787986013529,1.0764643331365136,25.335,0.14012844387743487,True
100.45591343912567,1.125542639555067,24.3925,0.14391688485129125,True
102.15200200059853,1.1758962959196888,23.5375,0.1479436511792668,True
103.87672716801985,1.2334546324701694,22.7475,0.15201482210803005,True
105.63057243925599,1.2919847787718022,22.03,0.15633629960211712,True
107.4140294755072,1.3515031427725714,21.37,0.1608623340185786,True
109.2275982391371,1.415543020366475,20.7625,0.16560824021081014,True
111.07178713382888,1.4850729144695545,20.2,0.17049744955661064,True
112.94711314710729,1.5557767450192934,19.685,0.1756737532706629,True
114.85410199526767,1.6278992988145309,19.2075,0.18102071474827133,True
116.79328827075217,1.7099099418718233,18.7675,0.18665933583671887,True
118.76521559201302,1.7933052452128815,18.3575,0.19250289790886319,True
120.77043675590735,1.8781085873167644,17.98,0.19857371068648322,True
122.80951389266438,1.9719917454332636,17.63,0.2049201225762482,True
124.88301862346964,2.0695898393257175,17.305,0.21151460561119087,True
126.99153222070873,2.168835770612761,17.005,0.2183900948950495,True
129.13564577091765,2.2773124468547876,16.7225,0.2254987002602217,True
131.31596034048445,2.3908603043694505,16.4625,0.2329059432075835,True
133.5330871441473,2.506325293645868,16.225,0.24064238325275533,True
135.78764771633877,2.633056506804371,16.0,0.24863452536794226,True
138.08027408542307,2.7648311608893508,15.79,0.2569371881323947,True
140.4116089508737,2.8988306863217095,15.5975,0.2656047222026371,True
142.78230586344398,3.0487333882656213,15.4175,0.2746006414147606,True
145.19302940837954,3.201787079547286,15.25,0.2839828587632896,True
147.64445539172272,3.361940567283165,15.0925,0.29373477673862186,True
150.13727102976404,3.5371896133115244,14.945,0.30391165715204277,True
152.67217514169215,3.7153975483908384,14.81,0.31451734908039,True
155.2498783454953,3.9101814178143126,14.6825,0.3255867460022671,True
157.87110325717157,4.114425883774164,14.565,0.3371665596751465,True
160.53658469330276,4.32681605906537,14.455,0.34924749076909156,True
163.24706987704687,4.5607294508201575,14.3525,0.36188345129858296,True
166.00331864761017,4.798592215135969,14.2575,0.37507352729844945,True
168.8061036732559,5.061712002212886,14.17,0.38887285965045615,True
171.65621066790797,5.333976512349783,14.09,0.4033102001540154,True
174.554438611413,5.626068849414563,14.0175,0.4184144447878427,True
177.50159997352176,5.93754955212939,13.9475,0.434208483164128,True
180.49852094165033,6.263996321625514,13.8875,0.4507534249625657,True
183.54604165248833,6.620170917487624,13.83,0.4680836624372114,True
186.64501642751793,6.987445756859637,13.78,0.48622300640101523,True
189.7963140125074,7.394550084647717,13.735,0.5052362406565227,True
193.00081782105002,7.8104235736781735,13.695,0.5251601401168702,True
196.25942618221492,8.275557982883011,13.66,0.546032809807025,True
199.5730525923774,8.749338772783261,13.63,0.5679169369267819,True
202.94262597130302,9.28058602705488,13.6025,0.5908508211196156,True
206.36909092255527,9.82339999921755,13.5825,0.6148905151465236,True
209.8534079982982,10.429953721577775,13.565,0.6400940667047157,True
213.3965539685718,11.055060442636217,13.5525,0.6665253233412421,True
216.9995220951137,11.747361995945633,13.545,0.6942298181723254,True
220.6633224098023,12.470503060670518,13.54,0.7232406179814523,True
224.38898199780294,13.260381798700843,13.5375,0.7536588294209037,True
228.17754528549472,14.100146153061706,13.54,0.7855122077019152,True
232.0300743332566,15.00095449510165,13.5475,0.8188758989627687,True
235.94764913319898,15.979130917986758,13.555,0.8537893954092801,True
239.9313679119221,17.005859634783327,13.5675,0.8903076684637518,True
243.98234743838424,18.14772137106863,13.585,0.9284753056980173,True
248.10172333696966,19.343212305236587,13.6025,0.9683331129190913,True
252.29065040584288,20.651500293360527,13.6225,1.0098984667807787,True
256.5503029406755,22.05489514603875,13.6475,1.0532189545973312,True
260.8818750638411,23.541177446210753,13.6725,1.0982751856125008,True
265.28658105916816,25.186608845711284,13.7,1.1450679475744963,True
269.7656557123429,26.921350818006854,13.73,1.193566540919938,True
274.3203546570612,28.79512780348354,13.7625,1.243724645008048,True
278.9519547270259,30.826139945473717,13.795,1.2954224123664275,True
283.6617543138836,32.96969361976977,13.8275,1.3485664609043828,True
288.4510737312081,35.29759020448969,13.8625,1.4029919556194836,True
293.3212555846292,37.785012884477545,13.895,1.45850675609449,True
298.2736651482078,40.40531106582485,13.93,1.5148605573536704,True
303.30969074716864,43.227473923389375,13.965,1.5717934582299629,True
308.430744147095,46.209750635342644,13.9975,1.628953273128095,True
313.6382609496918,49.330257843205665,14.0275,1.685986469799108,True
318.93370099523344,52.62848682321328,14.0575,1.7424882303986367,True
324.3185487718055,56.070558951026584,14.0875,1.7981261852618564,True
329.794313831457,59.62754474347207,14.1125,1.8524397442673575,True
335.36253121337637,63.30272773342672,14.135,1.9050983864623767,True
341.0247618742149,67.07024952083292,14.1575,1.9557150659400069,True
346.78259312567593,70.89979240288359,14.175,2.004043750182055,True
352.63763907948913,74.78255169871217,14.19,2.0498529121722306,True
358.5915410999005,78.67369388726776,14.2025,2.092985686275848,True
364.6459682638029,82.56053457253284,14.215,2.1333374437025125,True
370.8026178286313,86.43721684332434,14.2225,2.1709083662619517,True
377.06321570816226,90.28688561394276,14.2275,2.2057358100630613,True
383.42951695634406,94.04637028359373,14.2325,2.2378861552873976,True
389.90330625929846,97.75363085257726,14.235,2.267470352790937,True
396.486398435625,101.40203359640887,14.235,2.294630382350849,True
403.18063894515666,104.98479507250698,14.235,2.3195394803189266,True
409.9879044063043,108.44907416061606,14.2325,2.3423447528370978,True
416.91010312213353,111.84110551024952,14.2275,2.3632139490635544,True
423.94917561532606,115.16322947467225,14.225,2.38229841054879,True
431.10709517217464,118.4150686648992,14.22,2.39978057305324,True
438.38586839575805,121.5940816755269,14.2125,2.4157813339762293,True
445.78753576846,124.67812098126805,14.2075,2.430422517736473,True
453.31417222398574,127.70384286984441,14.2,2.4438797899400653,True
460.9678877290322,130.67400656578783,14.1925,2.4561646941848996,True
468.75082787478334,133.59191037627386,14.185,2.4674709197133624,True
476.6651744783921,136.46131796156678,14.175,2.477855211430004,True
484.71314619461344,139.2863577547961,14.1675,2.487397679509541,True
492.89699913776894,142.0639215844445,14.1575,2.496190301819594,True
501.2190275142116,144.80426889570742,14.1475,2.5042972538956607,True
509.68156426546574,147.5167420544125,14.1375,2.511739168919705,True
518.2869817222295,150.20542245304281,14.1275,2.5185798478363504,True
527.0376922694196,152.8744280329217,14.1175,2.5248914968528604,True
535.93614902244,155.52786742946654,14.1075,2.5307062936516878,True
544.9848465148733,158.16980281031744,14.0975,2.536053598964027,True
554.1863213977837,160.80422133616497,14.085,2.5409829970031215,True
563.5431531508202,163.435014020264,14.075,2.5455020189960123,True
573.0579648053338,166.06596092690924,14.0625,2.5496621808491775,True
582.7334236797009,168.7007220554463,14.0525,2.5534621849450447,True
592.5722421270589,171.34283186485982,14.04,2.5569298526969555,True
602.5771782956699,173.99569724341168,14.0275,2.5601006504347508,True
612.7510369021243,176.6625977403841,14.0175,2.562969995546948,True
623.0966700175916,179.346688267804,14.005,2.5655484252147036,True
633.6169778673532,182.05100301649162,13.9925,2.567869597282246,True
644.314909643834,184.7784601736564,13.9775,2.569936718912012,True
655.1934643333551,187.53186751880048,13.965,2.5717531680834034,True
666.2556915568517,190.31392793539078,13.9525,2.5733336262905655,True
677.5046924247852,193.12721925834808,13.94,2.574697295529993,True
688.9436204064833,195.97300197323466,13.925,2.5758443068570513,True
700.5756822141655,198.85525017001518,13.9125,2.5767772160084093,True
712.4041387018917,201.77631192264292,13.8975,2.5775107620646267,True
724.4323057796856,204.73845922402785,13.885,2.5780451607792196,True
736.6635553430957,207.74389448255656,13.87,2.5783893707199486,True
749.1013162184522,210.79448151601392,13.855,2.578545492336279,True
761.7490751240771,213.8924719099832,13.84,2.5785300350999765,False
774.6103776477291,217.04029900451718,13.825,2.5783220770149384,False
787.6888292405529,220.23993111854608,13.81,2.577944727944508,False
800.9880962278013,223.49337370198424,13.7925,2.5773953990139242,False
814.511906836632,226.8027234968631,13.7775,2.5766771467431036,False
828.2640522412548,230.16982479456007,13.7625,2.5757928808510924,False
842.2483876257202,233.59680256061958,13.745,2.574759040607489,False
856.4688332646573,237.08573379128774,13.73,2.5735567509163726,False
870.9293756222605,240.63803255090818,13.7125,2.57221614970463,False
885.6340684698225,244.25637624495735,13.695,2.5707186379844362,False
900.5870340221442,247.9420757613453,13.6775,2.5690575973745116,False
915.792464093131,251.69711992477175,13.66,2.567267866513396,False
931.254621270893,255.52381912312916,13.6425,2.5653320018888186,False
946.9778401126922,259.42324832153093,13.625,2.5632617984389032,False
962.9665283600667,263.39840265367167,13.6075,2.5610476790794086,False
979.2251681744613,267.44983554586696,13.59,2.55871013525503,False
995.7583173937294,271.5775688132869,13.57,2.556230918943945,False
1012.5706108098508,275.7904509986524,13.5525,2.5536384951412407,False
1029.666761468207,280.1022346480905,13.535,2.5508972741273763,False
1047.0515619888176,284.4922330988614,13.515,2.5480513085102574,False
1064.7298859098657,288.95635188662766,13.495,2.545081128043569,False
1082.706689053906,293.4958424524578,13.4775,2.5420053093016657,False
1100.98701091716,298.1119773666396,13.4575,2.5387946535975856,False
1119.575976082247,302.8494953872449,13.4375,2.53548534318912,False
1138.4787956547702,307.69591765579105,13.4175,2.532067151727153,False
1157.700768724175,312.6241664798115,13.3975,2.528514839468336,False
1177.2472838492545,317.6356234114725,13.3775,2.5248727962622914,False
1197.1238205687337,322.7319467885926,13.3575,2.521100211154084,False
1217.3359509373813,327.9887413784178,13.3375,2.5172506099045235,False
1237.8893410880357,333.33429121289356,13.3175,2.5133092271765665,False
1258.789752820002,338.77009482754585,13.2975,2.5092459010779855,False
1280.043045214291,344.2976760590411,13.275,2.5050951896923177,False
1301.6551762761085,349.9682293910679,13.255,2.5008664624421963,False
1323.6322046050734,355.7591433701518,13.235,2.4965337899221605,False
1345.9802910936623,361.6478306173707,13.2125,2.4921077007653256,False
1368.705700654298,367.63594192774497,13.1925,2.487619971763853,False
1391.8148039756177,373.76137849609864,13.17,2.483048024861739,False
1415.3140793083949,380.0174232138036,13.1475,2.4783675666978393,False
1439.2101142815986,386.3790944249872,13.1275,2.4736493620214253,False
1463.5096077491298,392.8481755178164,13.105,2.468825897597254,False
1488.2193716677382,399.4754447909842,13.085,2.463936533023522,False
1513.3463330066302,406.23707788634766,13.0625,2.458995346353982,False
1538.8975356893343,413.1128737836533,13.04,2.4539808164711063,False
1564.8801425683523,420.10475999732995,13.02,2.448894119675015,False
1591.3014374331349,427.2846096057509,12.9975,2.443748881045606,False
1618.1688270519753,434.5863241420451,12.975,2.4385670226457705,False
1645.4898432483785,442.01132016650877,12.9525,2.4332666175884308,False
1673.2721450124711,449.5939207113058,12.93,2.4279701424778857,False
1701.523520648077,457.34174529436797,12.9075,2.4225648229141576,False
1730.2518899560428,465.2203834473016,12.8875,2.4171463805545663,False
1759.4653064544113,473.23866318916697,12.865,2.411644765305018,False
1789.1719596360967,481.45389579574436,12.8425,2.406125098548284,False
1819.3801772646755,489.80783364700943,12.82,2.400528231481521,False
1850.0984277089267,498.3028186297744,12.7975,2.394886479465329,False
1881.3353223168024,506.99946126198586,12.775,2.3892324490256414,False
1913.0996178294804,515.8515782151197,12.7525,2.3835579198826675,False
1945.4002188361596,524.8531535106749,12.73,2.377791888245969,False
1978.2461802703174,534.057474815181,12.7075,2.3720031849167134,False
2011.6467099481158,543.431954085277,12.6875,2.3661824538414318,False
2045.6111711496467,552.9647112159333,12.665,2.3603561584724706,False
2080.149085243776,562.7097324455713,12.6425,2.3544613868990436,False
2115.2701343573076,572.6321360754131,12.62,2.348550949048994,False
2150.9841640891927,582.7220686711738,12.5975,2.3425940127137537,False
2187.301186270585,593.0411905891281,12.575,2.3366298145441267,False
2224.2313817714967,603.5385312455694,12.5525,2.3306414459372324,False
2261.7851033548227,614.2238431540009,12.5325,2.3246451071488385,False
2299.9728785785705,625.140342914775,12.51,2.3186086826382235,False
2338.8054127470923,636.2411558706788,12.4875,2.312550924125406,False
2378.2935919121246,647.5599964066126,12.465,2.3064633679599362,False
2418.4484859245167,659.0995792553762,12.445,2.3003795603294757,False
2459.2813515374864,670.8339953778013,12.4225,2.2942785772151257,False
2500.8036355622485,682.821589894537,12.4,2.2881746183306357,False
2543.026978076942,695.0155309914447,12.38,2.282036296563954,False
2585.9632156897424,707.4406888095764,12.3575,2.2759318471626178,False
2629.624384857039,720.1081098009017,12.3375,2.2697721391273027,False
2674.0227252576624,732.9908061408113,12.315,2.2636419468110427,False
2719.170683224083,746.1462786537236,12.295,2.2574674662480003,False
2765.0809152315146,759.5238669753129,12.2725,2.251302803416335,False
2811.7662914459547,773.165148565229,12.2525,2.2451438779885047,False
2859.2398993321285,787.0544826023876,12.23,2.2389690720068134,False
2907.515047322324,801.2005088231765,12.21,2.232804652890002,False
2956.6052685471964,815.6176892578264,12.19,2.2266322175947773,False
3006.5243246295654,830.28893054772,12.1675,2.220478072015395,False
3057.2862095422365,845.2507180297224,12.1475,2.2143293829456,False
3108.905153530987,860.4678629306793,12.1275,2.208172231694881,False
3161.3956271037873,875.991689705192,12.1075,2.2020182228054526,False
3214.772345087347,891.7776193676395,12.0875,2.1958708465781642,False
3269.0502707521787,907.8797045465394,12.0675,2.1897301547947783,False
3324.244620007312,924.2555893481782,12.0475,2.1835945507162746,False
3380.370865665799,940.9549246331545,12.0275,2.177474490426217,False
3437.44474178227,957.9399048347202,12.0075,2.1713703721410242,False
3495.482248063722,975.2586515314684,11.9875,2.165274980087028,False
3554.499654354738,992.8730991631707,11.9675,2.159192038344973,False
3614.513505198504,1010.8334015200537,11.95,2.1531265554323924,False
3675.5406244747796,1029.1033811320951,11.93,2.147080345702194,False
3737.598120116167,1047.728088927325,11.9125,2.141027673643259,False
3800.703388904078,1066.6793918225533,11.8925,2.134991655758296,False
3864.874121345609,1085.9820711407701,11.875,2.1290017098975484,False
3930.128306632757,1105.6308499411712,11.855,2.12301494525035,False
3996.484237685432,1125.633409660438,11.8375,2.1170750770289715,False
4063.9605162795524,1146.0031327999186,11.82,2.1111044698846158,False
4132.576058261714,1166.7282774794248,11.8,2.10517589946017,False
