model,momentum_mode,parameter_name,parameter_value,a,b,K0,n,n_over_n0,eps,mu_b,pressure,dP_dn,d2eps_dn2,vs2,quark_fraction,n_q,n_n,k_bu,k_f
cs,baryquark,,,347.01721947749144,4.426714731633064,601.4493911630225,0.16,1.0,147.5193789567738,923.2353955753914,0.19828433528883238,39.720368674624154,248.25230421640094,0.04302301326940469,0.0,0.0,0.16,1.803575429731798,1.8035754297326305
cs,baryquark,,,347.01721947749144,4.426714731633064,601.4493911630225,0.1789830508474576,1.11864406779661,165.12391817874325,931.7836932600088,1.6495699708447376,109.93015480066352,614.1930997385557,0.11797819128606293,0.0,0.0,0.1789830508474576,1.9630375426484652,1.9630375426496691
cs,baryquark,,,347.01721947749144,4.426714731633064,601.4493911630225,0.19796610169491527,1.2372881355932204,182.95601927380775,947.3214576877164,4.581516756574075,217.2793363388775,1097.5582914378228,0.2293617806032041,0.0,0.0,0.19796610169491527,2.1355470970863113,2.1355470970880366
cs,baryquark,,,347.01721947749144,4.426714731633064,601.4493911630225,0.21694915254237288,1.3559322033898304,201.2010663739503,977.3312257096048,10.830114796947015,348.3053961792272,1605.4701855136254,0.35638418891848594,0.0,0.0,0.21694915254237288,2.3244569806683204,2.324456980670778
cs,baryquark,,,347.01721947749144,4.426714731633064,601.4493911630225,0.23593220338983054,1.4745762711864407,220.17060869237037,1015.7203013985536,19.47052004437316,419.4481219339211,1777.8332754383148,0.4129563240553325,0.0,0.0,0.23593220338983054,2.5336998136451783,2.5336998136486635
cs,baryquark,,,347.01721947749144,4.426714731633064,601.4493911630225,0.2549152542372881,1.5932203389830506,239.8540800452079,1057.9594949378231,29.835933579620217,448.60708472033025,1759.828324368317,0.42403049158956235,0.0,0.0,0.2549152542372881,2.7680271881809877,2.7680271881859215
cs,baryquark,,,347.01721947749144,4.426714731633064,601.4493911630225,0.2738983050847458,1.7118644067796611,260.2428291476206,1095.157004932236,39.71881830500541,426.65985489439544,1557.7309058644387,0.38958784263156443,0.028252067780666242,0.007738193480263839,0.26616011160448194,2.985254952838921,2.921000746393166
cs,baryquark,,,347.01721947749144,4.426714731633064,601.4493911630225,0.2928813559322034,1.8305084745762712,281.2391395945845,1121.9653661323102,47.363598147217544,367.32431086685915,1254.1744410384658,0.32739362724993565,0.10877271457734472,0.03185750013383926,0.2610238557983641,3.11102939930605,2.8496953711967157
cs,baryquark,,,347.01721947749144,4.426714731633064,601.4493911630225,0.31186440677966104,1.9491525423728815,302.69561630254486,1138.50428383022,52.36334679026953,299.56392840615763,960.5582486936576,0.26312059836819224,0.17529391693977392,0.05466793341850577,0.25719647336115525,3.239009042606032,2.7981402557024495
cs,baryquark,,,347.01721947749144,4.426714731633064,601.4493911630225,0.33084745762711865,2.0677966101694913,324.45812471230664,1150.1335529737617,56.060637220707406,257.1390304096111,777.2132578979024,0.2235731926477214,0.23164024643911502,0.07663758661850043,0.25420987100861825,3.3650473213760366,2.7588064865060447
cs,baryquark,,,347.01721947749144,4.426714731633064,601.4493911630225,0.34983050847457625,2.1864406779661016,346.42948968983234,1163.3381063088236,60.541671568034076,257.05971080118576,734.812157813467,0.2209673261858628,0.28021675689154435,0.09802837054646568,0.25180213792811057,3.4875844331260932,2.72764899638186
cs,baryquark,,,347.01721947749144,4.426714731633064,601.4493911630225,0.3688135593220339,2.305084745762712,368.64581392619255,1177.3436859375522,65.57450142975893,268.6143394443207,728.3201299271562,0.2281528687440282,0.32265874575302644,0.11900092046755688,0.24981263885447702,3.6060886803634595,2.70226580369671
cs,baryquark,,,347.01721947749144,4.426714731633064,601.4493911630225,0.3877966101694915,2.423728813559322,391.1262973467749,1191.130828965555,70.79020039444379,278.5522355307671,718.2946633004922,0.23385528168444564,0.36013663196482215,0.13965976507381578,0.24813684509567574,3.720471732071023,2.68113362965244
cs,baryquark,,,347.01721947749144,4.426714731633064,601.4493911630225,0.40677966101694923,2.5423728813559325,413.86642210213813,1204.6809787987295,76.17329808717568,287.4349673096109,706.6109613027933,0.23859841100523738,0.39352188637966923,0.16007669954427226,0.24670296147267698,3.8308399751235855,2.663229088506555
cs,baryquark,,,347.01721947749144,4.426714731633064,601.4493911630225,0.4257627118644068,2.6610169491525424,436.8615249086043,1217.9860027473349,81.71149863398983,295.57022501586283,694.2135062076396,0.24267128222259005,0.42348146357719646,0.18030261635693517,0.2454600955074716,3.93738380035247,2.6478397560120506
cs,baryquark,,,347.01721947749144,4.426714731633064,601.4493911630225,0.44474576271186445,2.7796610169491527,460.10689639915296,1231.0445066259895,87.39493163247363,303.14258343329993,681.6087051282277,0.246248272748598,0.45053737402401767,0.20037458804051228,0.24437117467135216,4.040324519005937,2.634454458304313
cs,baryquark,,,347.01721947749144,4.426714731633064,601.4493911630225,0.4637288135593221,2.898305084745763,483.5978603026351,1243.8592236735308,93.21550172631078,310.27072665208806,669.0779558652482,0.2494419953214281,0.475106584893347,0.22032061292681315,0.24340820063250895,4.1398881068627436,2.6226925700466914
cs,baryquark,,,347.01721947749144,4.426714731633064,601.4493911630225,0.48271186440677966,3.016949152542373,507.3298257084757,1256.4353415735818,99.16642052907696,317.03534097567325,656.7796740717951,0.25232921304061107,0.49752678191038957,0.2401620804882694,0.24254978391851026,4.23629349190115,2.6122666586901646
cs,baryquark,,,347.01721947749144,4.426714731633064,601.4493911630225,0.5016949152542373,3.1355932203389827,531.2983189227706,1268.7794521986723,105.2418808243599,323.49385955923736,644.8019497971286,0.254964611066686,0.5180758330392776,0.25991601115190877,0.2417789041023285,4.329746494285091,2.6029507939872216
cs,baryquark,,,347.01721947749144,4.426714731633064,601.4493911630225,0.5206779661016949,3.254237288135593,555.4990014785875,1280.8988928637607,111.43682883962822,329.6887720035556,633.1913264391204,0.25738859939714387,0.5369834582598503,0.2795954548769932,0.2410825112247017,4.4204387798708495,2.5945728854092653
cs,baryquark,,,347.01721947749144,4.426714731633064,601.4493911630225,0.5396610169491526,3.3728813559322037,579.9276790828125,1292.801332038821,117.74680247847687,335.6525588990954,621.9692517288514,0.2596319717351716,0.5544423143312454,0.29921090319164156,0.24045011375751102,4.50854675688873,2.5869957188864987
cs,baryquark,,,347.01721947749144,4.426714731633064,601.4493911630225,0.5586440677966101,3.491525423728813,604.5803047215264,1304.4945087991935,124.16781409239582,341.41075365307586,611.1418223765618,0.2617188124213336,0.5706163357678058,0.3187714309645234,0.23987263683208676,4.594231657049377,2.580102061371122
cs,baryquark,,,347.01721947749144,4.426714731633064,601.4493911630225,0.5776271186440678,3.6101694915254234,629.4529780455805,1315.986070012051,130.69626375121095,346.98391516823153,600.7057216820909,0.26366837998904813,0.5856443002827574,0.33828402972265037,0.23934308892141742,4.677641638109307,2.573801793202836
cs,baryquark,,,347.01721947749144,4.426714731633064,601.4493911630225,0.5966101694915255,3.728813559322034,654.5419424268306,1327.283470335584,137.32887377338227,352.3889411685977,590.6519184360018,0.26549636836771673,0.5996460710828748,0.35775494410368125,0.2388552253878442,4.758911887671966,2.568015336985989
cs,baryquark,,,347.01721947749144,4.426714731633064,601.4493911630225,0.615593220338983,3.8474576271186436,679.8435805973814,1338.393912940286,144.06263835162179,357.6399682590057,580.9680101123716,0.267215776163622,0.6127238069570289,0.3771886215030388,0.23840459883594423,4.838166881958934,2.5626856888642906
cs,baryquark,,,347.01721947749144,4.426714731633064,601.4493911630225,0.6345762711864407,3.966101694915254,705.354409471863,1349.3243167994344,150.8947841039136,362.74900493666144,571.639724659803,0.26883752143227774,0.6249674097893889,0.39658948851719866,0.237986782669242,4.9155201074961745,2.5577570271779573
cs,baryquark,,,347.01721947749144,4.426714731633064,601.4493911630225,0.6535593220338984,4.084745762711865,731.0710745478091,1360.081301343637,157.82273866932064,367.72638718102866,562.6518890996028,0.27037088651814295,0.6364556787841793,0.41596154193081286,0.23759778010308558,4.991075624739119,2.5531793916925536
cs,baryquark,,,347.01721947749144,4.426714731633064,601.4493911630225,0.6725423728813559,4.203389830508474,756.9903441433036,1370.6711824308736,164.84410532885,372.58111344242616,553.9890547657043,0.27182384675342536,0.6472557612851968,0.4353069255558747,0.23723544732548119,5.064930036507006,2.5489252122502712
cs,baryquark,,,347.01721947749144,4.426714731633064,601.4493911630225,0.6915254237288135,4.322033898305085,783.1091036410078,1381.099975626775,171.95664221615186,377.3210956814655,545.6358981668252,0.2732033178917613,0.657429830408645,0.45462944204530026,0.23689598168351328,5.13717092600477,2.5449478992717665
cs,baryquark,,,347.01721947749144,4.426714731633064,601.4493911630225,0.7105084745762713,4.4406779661016955,809.4243498470963,1391.3734041097416,179.15824507291006,381.95335073949315,537.5774736075881,0.2745153454933852,0.6670299300365279,0.4739304180869704,0.23657805648930091,5.2078804720602845,2.541230288130877
cs,baryquark,,,347.01721947749144,4.426714731633064,601.4493911630225,0.7294915254237289,4.559322033898305,835.9331855325338,1401.4969093922991,186.44693277669603,386.4841488143922,529.7993675661975,0.27576525229868326,0.6761044537541179,0.4932124693148684,0.23627905610886046,5.277133660809197,2.5377404141729607
cs,baryquark,,,347.01721947749144,4.426714731633064,601.4493911630225,0.7484745762711864,4.677966101694915,862.6328141972613,1411.4756636670363,193.82083508301525,390.9191300524764,522.2877869813431,0.2769577542958568,0.6846953072510436,0.5124770299695947,0.23599754630159175,5.345000485948695,2.534460375715621
cs,baryquark,,,347.01721947749144,4.426714731633064,601.4493911630225,0.7674576271186442,4.796610169491526,889.5205350784724,1421.3145829404746,201.27818213414957,395.2633976397665,515.0296038150667,0.27809705351930547,0.6928403485294696,0.5317256098544811,0.23573201726416304,5.411545712066651,2.531371579645414
cs,baryquark,,,347.01721947749144,4.426714731633064,601.4493911630225,0.7864406779661017,4.915254237288136,916.5937384124028,1431.0183404216823,208.81729541075072,399.52159282162677,508.01237018267193,0.27918691293914416,0.7005741916437385,0.5509600422418554,0.23548063572424638,5.476829270981458,2.5284518522096304
cs,baryquark,,,347.01721947749144,4.426714731633064,601.4493911630225,0.8054237288135593,5.033898305084746,943.8499009501656,1440.5913797910268,216.4365798577935,403.69795630144586,501.224314431509,0.28023071772094493,0.707926882769508,0.5701811096475766,0.23524261916598266,5.540907412812441,2.525691374854401
cs,baryquark,,,347.01721947749144,4.426714731633064,601.4493911630225,0.824406779661017,5.152542372881356,971.2865817232981,1450.0379281456633,224.13451700560142,407.7963787048135,494.6543244980262,0.2812315255962383,0.7149260658216914,0.589389895619781,0.2350168840412361,5.603832366123027,2.5230769384189933
cs,baryquark,,,347.01721947749144,4.426714731633064,601.4493911630225,0.8433898305084746,5.271186440677966,998.9014180505147,1459.3620084386596,231.90965889707343,411.8204427601423,488.29192369068323,0.2821921088659422,0.7215968976014053,0.6085874851634904,0.23480234534498423,5.665652857960165,2.520595420352262
cs,baryquark,,,347.01721947749144,4.426714731633064,601.4493911630225,0.8623728813559322,5.389830508474576,1026.6921217756324,1468.5674513483605,239.760622709191,415.77345875943274,482.1272418790592,0.28311498962999054,0.7279615365629237,0.6277742878020602,0.23459859355387191,5.7264147224248525,2.518241590838698
cs,baryquark,,,347.01721947749144,4.426714731633064,601.4493911630225,0.8813559322033899,5.508474576271187,1054.6564757252524,1477.6579065473252,247.68608597747493,419.658494522793,476.150984170092,0.2840024694913054,0.7340417727590511,0.6469520709062824,0.23440386129710755,5.786160274591101,2.5159946106156457
cs,baryquark,,,347.01721947749144,4.426714731633064,601.4493911630225,0.9003389830508475,5.627118644067797,1082.7923303741893,1486.6368533090217,255.6847822999673,423.478400954264,470.3543986502555,0.28485665481228123,0.7398553954607423,0.6661206543538073,0.23421832869704018,5.844930002592468,2.5138561893129587
cs,baryquark,,,347.01721947749144,4.426714731633064,601.4493911630225,0.919322033898305,5.745762711864407,1111.09760070642,1495.5076104995105,263.7554974883842,427.2358342173384,464.72924444732604,0.2856794784712854,0.7454197036779426,0.6852807580930781,0.23404127580522693,5.902761536046425,2.5118176884562833
cs,baryquark,,,347.01721947749144,4.426714731633064,601.4493911630225,0.9383050847457628,5.864406779661017,1139.570263260079,1504.2733459539081,271.8970660959949,430.93327462675495,459.26776016941005,0.28647271839646027,0.7507506267531865,0.7044331304585831,0.23387195428717966,5.959690242600662,2.509870194763401
cs,baryquark,,,347.01721947749144,4.426714731633064,601.4493911630225,0.9572881355932203,5.983050847457627,1168.208353344426,1512.9370852568245,280.10836827092044,434.57304343922226,453.9626339042867,0.28723801384341935,0.7558627871907584,0.7235784783141361,0.23370965727908422,6.015749435880284,2.5080053197295795
cs,baryquark,,,347.01721947749144,4.426714731633064,601.4493911630225,0.9762711864406779,6.101694915254237,1197.009962418489,1521.501719952755,288.3883268913189,438.15731709783313,448.8069741106277,0.2879768792581047,0.760769392493292,0.74271723741718,0.2335539490234979,6.070970617283035,2.5062178283854113
cs,baryquark,,,347.01721947749144,4.426714731633064,601.4493911630225,0.9952542372881357,6.220338983050848,1225.9732356201444,1529.9700152280398,296.7359049593556,441.6881402171656,443.79428257514934,0.2886907166944266,0.7654823161663922,0.7618495187337382,0.23340471855439748,6.125383626766293,2.5045062376366443
cs,baryquark,,,347.01721947749144,4.426714731633064,601.4493911630225,1.0142372881355932,6.338983050847458,1255.096369436326,1538.3446170882946,305.15010321729346,445.1674368912198,438.91842875304087,0.2893808266016567,0.7700131076570629,0.78097600613896,0.2332612819966332,6.179016459512317,2.502862515607146
cs,baryquark,,,347.01721947749144,4.426714731633064,601.4493911630225,1.033220338983051,6.457627118644068,1284.3776095051967,1546.6280590628849,313.6299579604554,448.5970204101851,434.17362539699667,0.2900484171236321,0.7743719131447014,0.8000968105983222,0.23312352838472883,6.231895789908338,2.501285222016862
cs,baryquark,,,347.01721947749144,4.426714731633064,601.4493911630225,1.0522033898305085,6.576271186440678,1313.8152485408698,1554.8227684653373,322.17453902401394,451.97860255468225,429.5544064227811,0.2906946127376308,0.778568934596219,0.8192128721988692,0.23299051763163936,6.2840466103756345,2.4997634455161113
cs,baryquark,,,347.01721947749144,4.426714731633064,601.4493911630225,1.071186440677966,6.694915254237288,1343.4076243735926,1562.9310722596163,330.78294794518274,455.3138012554995,425.0556056024442,0.2913204614949699,0.7826121667778443,0.8383235413620298,0.2328628993159363,6.335493114006811,2.498304480548309
cs,baryquark,,,347.01721947749144,4.426714731633064,601.4493911630225,1.0901694915254239,6.813559322033899,1373.1531180969755,1570.955202509353,339.4543162318653,458.60414799391464,420.6723372456617,0.29192694181308726,0.7865102393141321,0.8574294676726268,0.23274002385279702,6.386257852146928,2.4969007689490965
cs,baryquark,,,347.01721947749144,4.426714731633064,601.4493911630225,1.1091525423728814,6.932203389830509,1403.0501523159537,1578.8973015121624,348.1878038019431,461.85109407478205,416.3999778485963,0.2925149682835305,0.7902712910899059,0.8765314116766686,0.23262113069621282,6.436362219906496,2.4955435129954733
cs,baryquark,,,347.01721947749144,4.426714731633064,601.4493911630225,1.128135593220339,7.0508474576271185,1433.0971894884817,1586.759426569554,356.98259750252714,465.0560164766037,412.2341492205472,0.2930853969980927,0.7939018223675531,0.8956289033353277,0.23250668988501122,6.485826917104181,2.4942379767816734
cs,baryquark,,,347.01721947749144,4.426714731633064,601.4493911630225,1.1471186440677967,7.169491525423729,1463.292730355043,1594.5435544691127,365.83790975461056,468.22022325772804,408.1707028990241,0.2936390303955148,0.7974091324069054,0.9147228827338875,0.23239576133390927,6.534671240596937,2.4929733431189893
cs,baryquark,,,347.01721947749144,4.426714731633064,601.4493911630225,1.1661016949152543,7.288135593220339,1493.6353124505615,1602.2515856800596,374.7529772916098,471.34495818178584,404.2057054175198,0.29417662144595613,0.8007990850255007,0.9338131703348211,0.23228852458043314,6.582913883492051,2.491751577845606
cs,baryquark,,,347.01721947749144,4.426714731633064,601.4493911630225,1.1850847457627118,7.406779661016949,1524.1235086932613,1609.8853482687464,383.7270599669207,474.4314050203341,400.3354247168151,0.2946988774887184,0.804077074695479,0.9528994756391167,0.23218527012359513,6.630572689471381,2.4905759075401734
cs,baryquark,,,347.01721947749144,4.426714731633064,601.4493911630225,1.2040677966101696,7.52542372881356,1554.755926045454,1617.4466015849118,392.7594396594975,477.48069187006445,396.55631785379785,0.29520646394272815,0.8072492698743551,0.9719828496927829,0.23208494691738668,6.67766433084091,2.489434292479157
cs,baryquark,,,347.01721947749144,4.426714731633064,601.4493911630225,1.2230508474576272,7.6440677966101696,1585.5312236601653,1624.9378542371478,401.85039603055657,480.4499585439865,392.8290958161752,0.2956728205273679,0.810320505967689,0.9910631815360753,0.23198766592155184,6.724205030403946,2.488327934807438
cs,baryquark,,,347.01721947749144,4.426714731633064,601.4493911630225,1.2420338983050847,7.762711864406779,1616.4480502818049,1632.359266342528,410.9974927280332,483.363198198153,389.17069723923345,0.2961132442867059,0.8132953122218108,1.0101403471121067,0.23189355119297805,6.770210289795493,2.487258184559524
cs,baryquark,,,347.01721947749144,4.426714731633064,601.4493911630225,1.2610169491525425,7.88135593220339,1647.5051015678753,1639.7123454254452,420.19995774827953,486.22188193971544,385.5791805704732,0.296528768168516,0.8161779555405697,1.0292142354613287,0.23180271369121375,6.8156949265047775,2.4862262419920156
cs,baryquark,,,347.01721947749144,4.426714731633064,601.4493911630225,1.28,8.0,1678.701102602807,1646.9985492166818,429.45704039454563,489.02742900065925,382.05267890676504,0.2969203763010249,0.8189731739126156,1.048285662608148,0.231714337391852,6.860672899742342,2.4852227842602845
