model,momentum_mode,parameter_name,parameter_value,n_b,n_over_n0,y,quark_fraction,k_bu,k_fp,k_fn,n_p,n_n,energy_density,mu_e,eps_e,eps_mu,mu_b,pressure,vs2
clausius,quarkyonic,c,3.5073713827729227,1.6e-07,1e-06,0.3,0.979899902385883,0.0039461987337116025,0.004481717432696375,0.005041098625636748,9.648046854776169e-10,2.251210932781106e-09,0.00015008002652527232,,0.0,0.0,939.6044618284652,0.00011117261709402175,-5.421626615526354e-08
clausius,quarkyonic,c,3.5073713827729227,0.013559479322033899,0.08474674576271186,0.3,4.3483894869824197e-07,0.0007652686414714851,0.4993046446057088,0.6607321168976557,0.004067842027753249,0.009491631398090915,12.711654535198779,,0.0,0.0,935.4693652408035,-0.0282314618374766,-0.004306085145604301
clausius,quarkyonic,c,3.5073713827729227,0.0271187986440678,0.16949249152542373,0.3,4.3483894869824197e-07,0.0010822500897588396,0.6362696183811123,0.839924406731088,0.00813563605552737,0.018983150796230534,25.371869334401417,,0.0,0.0,931.6642459739953,-0.10550971275283061,-0.007500922025061903
clausius,quarkyonic,c,3.5073713827729227,0.04067811796610169,0.25423823728813555,0.3,4.3483894869824197e-07,0.0013254789338043847,0.7369620812570635,0.9703216967242118,0.01220343008330149,0.028474670194370146,37.98249602627623,,0.0,0.0,928.4462015700742,-0.2139281129072046,-0.009223400673714195
clausius,quarkyonic,c,3.5073713827729227,0.05423743728813559,0.3389839830508474,0.3,4.3483894869824197e-07,0.00153053047377417,0.8210794553295603,1.078085079062754,0.01627122411107561,0.03796618959250976,50.55300027454775,,0.0,0.0,925.9068737850992,-0.3335004836863149,-0.009386963744103811
clausius,quarkyonic,c,3.5073713827729227,0.06779675661016948,0.42372972881355925,0.3,4.3483894869824197e-07,0.0017111845722650582,0.8957428396188087,1.1726447650842038,0.02033901813884973,0.04745770899064937,63.093632627201686,,0.0,0.0,924.0267842239059,-0.44793633747820394,-0.008064673781861065
clausius,quarkyonic,c,3.5073713827729227,0.08135607593220338,0.5084754745762712,0.3,4.3483894869824197e-07,0.0018745083967751386,0.9644701134931162,1.2586253186276142,0.024406812166623854,0.056949228388788985,75.61442978204826,,0.0,0.0,922.9140965511294,-0.5301614074802217,-0.005088975508007208
clausius,quarkyonic,c,3.5073713827729227,0.0949153952542373,0.5932212203389831,0.3,4.3483894869824197e-07,0.0020247001755364764,1.0293207219325193,1.3386968278078106,0.028474606194397983,0.06644074778692863,88.12502985149989,,0.0,0.0,922.5046884962751,-0.5654203615825963,-0.000678174684027348
clausius,quarkyonic,c,3.5073713827729227,0.1084747145762712,0.6779669661016949,0.3,4.3483894869824197e-07,0.0021644952885300447,1.0916476307242886,1.4145734874765554,0.032542400222172106,0.07593226718506824,100.63471193647565,,0.0,0.0,922.7709008372468,-0.5375097867087106,0.00511982270061504
clausius,quarkyonic,c,3.5073713827729227,0.1220340338983051,0.7627127118644068,0.3,4.3483894869824197e-07,0.002295793738412594,1.152423224219496,1.4874446612134073,0.03661019424994622,0.08542378658320786,113.1525128046842,,0.0,0.0,923.698653523369,-0.42973571121595455,0.012332805653875616
clausius,quarkyonic,c,3.5073713827729227,0.135593353220339,0.8474584576271187,0.3,4.3483894869824197e-07,0.002419978905820497,1.2124023543535416,1.5581883092685398,0.040677988277720345,0.09491530598134747,125.6873751078789,,0.0,0.0,925.2863895757664,-0.22434824769150907,0.021054063735095045
clausius,quarkyonic,c,3.5073713827729227,0.14915267254237288,0.9322042033898305,0.3,4.3483894869824197e-07,0.0025380951329512166,1.2722136396972956,1.6274877307268316,0.04474578230549447,0.10440682537948709,138.24831350232782,,0.0,0.0,927.5456734652097,0.0982141721852372,0.03144436708670237
clausius,quarkyonic,c,3.5073713827729227,0.16271199186440677,1.0169499491525422,0.3,4.3483894869824197e-07,0.002650953768216776,1.3324161227663482,1.6959006334366638,0.048813576333268584,0.11389834477762668,150.84459749874645,,0.0,0.0,930.5024153715091,0.5602248210318237,0.04373996293910548
clausius,quarkyonic,c,3.5073713827729227,0.17627131118644065,1.101695694915254,0.3,4.3483894869824197e-07,0.002759200036704041,1.3935384466856238,1.7639028355895932,0.0528813703610427,0.1233898641757663,163.48595610901452,,0.0,0.0,934.1984641683589,1.1877187747392952,0.05826811467030743
clausius,quarkyonic,c,3.5073713827729227,0.18983063050847457,1.186441440677966,0.3,4.3483894869824197e-07,0.002863357082846711,1.4561094884489503,1.8319177092858687,0.05694916438881682,0.13288138357390591,176.1828138370245,,0.0,0.0,938.6940641267685,2.0118091855586044,0.07547177436266515
clausius,quarkyonic,c,3.5073713827729227,0.20338994983050845,1.2711871864406779,0.3,1.5708388216156182e-05,0.017813813043619897,1.5206715492150868,1.9003221055705493,0.061016026470665174,0.14237072843155207,188.94656633740152,,0.0,0.0,944.0715590914223,3.0704156841573536,0.09594680080625816
clausius,quarkyonic,c,3.5073713827729227,0.21694926915254237,1.3559329322033897,0.3,5.7766602519541e-05,0.035280797698057,1.5878225714211924,1.9694786404330764,0.06508102101910329,0.151855715711241,201.78990660435392,,0.0,0.0,950.4408100938816,4.4106058995501485,0.12049745530438717
clausius,quarkyonic,c,3.5073713827729227,0.23050858847457625,1.4406786779661016,0.3,0.00013459342054959782,0.05550927767663377,1.6582477981422983,2.0397495169317277,0.06914326906055622,0.16133429447463118,214.7272608133655,,0.0,0.0,957.9470039743583,6.091842917646517,0.15021926694631194
clausius,quarkyonic,c,3.5073713827729227,0.24406790779661017,1.5254244237288135,0.3,0.00025575529917768803,0.07873348298307732,1.7327534896947878,2.111503150579987,0.07320164584074959,0.1708038402950824,227.7753474524083,,0.0,0.0,966.7818805451631,8.190578642150797,0.1866233258323627
clausius,quarkyonic,c,3.5073713827729227,0.25762722711864405,1.6101701694915254,0.3,0.0004379329560685216,0.10584299823619814,1.8123107969553305,2.1851184421975383,0.07725432109965248,0.18026008256585577,240.95392191801292,,0.0,0.0,977.200017094242,10.806882406103682,0.23182212991687956
clausius,quarkyonic,c,3.5073713827729227,0.27118654644067797,1.6949159152542372,0.3,0.0007060448161680061,0.1378690739316465,1.898121079443145,2.2609926909413014,0.0812985229756047,0.18969655360974433,254.2867960220105,,0.0,0.0,989.5431968940406,14.074314033008761,0.28879939206288174
clausius,quarkyonic,c,3.5073713827729227,0.2847458657627119,1.7796616610169491,0.3,0.00110127941588213,0.17640996712185383,1.991698595234118,2.339540633622582,0.08532968430059695,0.19910259670139288,267.80326740503597,,0.0,0.0,1004.2791981808135,18.17544760072468,0.3617551035404706
clausius,quarkyonic,c,3.5073713827729227,0.29830518508474574,1.8644074067796608,0.3,0.0016888740386653924,0.22354464246967065,2.0949876659630347,2.421191032381308,0.08934041556061705,0.2084609696414398,281.54016592437654,,0.0,0.0,1022.0682980501405,23.36801039101715,0.45632096486243623
clausius,quarkyonic,c,3.5073713827729227,0.31186450440677965,1.9491531525423729,0.3,0.002581752855864687,0.28248872328639596,2.2104976719868135,2.506357607981812,0.09331780419956538,0.21774154313231922,295.54482369032604,,0.0,0.0,1043.888428463154,30.03303032383991,0.5786948285304275
clausius,quarkyonic,c,3.5073713827729227,0.32542382372881357,2.0338988983050847,0.3,0.003981051088330203,0.35809793548105273,2.3414256136155225,2.5953733839318156,0.09723848845835681,0.22688980640283254,309.879362228769,,0.0,0.0,1071.2510038154835,38.759389814825624,0.7310037510575687
clausius,quarkyonic,c,3.5073713827729227,0.3389831430508475,2.1186446440677966,0.3,0.006256752723432619,0.4576882835760845,2.491583842213087,2.6883429901522855,0.1010586628042099,0.2358035465431564,324.6265172331939,,0.0,0.0,1106.2943726852839,50.40235831837418,0.9008027692777862
clausius,quarkyonic,c,3.5073713827729227,0.3525424623728814,2.2033903898305085,0.3,0.010107431896404982,0.592131270246289,2.664492529089117,2.7848427739548054,0.10469374903315698,0.2442854144106996,339.895719580844,,0.0,0.0,1150.9063527631483,65.81834854587709,1.0542150589114507
clausius,quarkyonic,c,3.5073713827729227,0.36610178169491525,2.2881361355932204,0.3,0.01676842395317916,0.7746695112497863,2.8601415784290807,2.883548145723008,0.1079888495428322,0.25197398226660844,355.8219015606864,,0.0,0.0,1204.659645503831,85.11838835666987,1.1484143097613457
clausius,quarkyonic,c,3.5073713827729227,0.37966110101694917,2.3728818813559323,0.3,0.02791069611671684,1.012234292246635,3.068679035886311,2.982481662468321,0.11071934861973808,0.25834514677938886,372.53499583223237,,0.0,0.0,1263.5174046162035,107.0581368642508,1.155135020236123
clausius,quarkyonic,c,3.5073713827729227,0.3932204203389831,2.457627627118644,0.3,0.04445652090294541,1.289799841691228,3.2698021930901398,3.0808564427300773,0.11272176255081542,0.26301744595190263,390.0834033367413,,0.0,0.0,1320.908562564794,129.24374852488768,1.0734605259332435
clausius,quarkyonic,c,3.5073713827729227,0.406779739661017,2.542373372881356,0.3,0.06536399797000186,1.5751906238443245,3.4479706501347236,3.179955370967925,0.1140572968750729,0.26613369270850346,408.38077063645056,,0.0,0.0,1370.523061762254,149.10426685391815,0.926695837286909
clausius,quarkyonic,c,3.5073713827729227,0.42033905898305085,2.627119118644068,0.3,0.08859714040634781,1.8446646856942663,3.6019225988365746,3.28083825649702,0.11492946610681722,0.26816875424924014,427.26229378262707,,0.0,0.0,1409.0128838402131,165.03072704777725,0.7514615608207017
clausius,quarkyonic,c,3.5073713827729227,0.43389837830508476,2.7118648644067798,0.3,0.11255832909546196,2.090321185176936,3.7371640300692786,3.383143233071383,0.11551785055375013,0.26954165129208363,446.5713439644183,,0.0,0.0,1436.8717064851685,176.92686107631351,0.5847222213150988
clausius,quarkyonic,c,3.5073713827729227,0.4474576976271187,2.7966106101694916,0.3,0.13634243131077445,2.3125852385499472,3.8591068916475217,3.4858394609486436,0.11593506816717479,0.2705151590567412,466.1926130999857,,0.0,0.0,1456.9346989596318,185.75897820913167,0.45070757182973553
clausius,quarkyonic,c,3.5073713827729227,0.4610170169491526,2.8813563559322035,0.3,0.15949895223219263,2.5143797132912975,3.9714977602971238,3.5879228010938893,0.11624558573536553,0.27123970004918624,486.04880031445475,,0.0,0.0,1472.067778527189,192.6238461546542,0.35486940084241075
clausius,quarkyonic,c,3.5073713827729227,0.47457633627118645,2.9661021016949154,0.3,0.1818213332683796,2.6988560618173585,4.076731611865841,3.6886420532905637,0.11648647022182095,0.27180176385091553,506.0894164739032,,0.0,0.0,1484.163536568569,198.2754220404106,0.2904590068076263
clausius,quarkyonic,c,3.5073713827729227,0.48813565559322036,3.0508478474576273,0.3,0.2032269920434211,2.8687516150595087,4.176360847142482,3.7875015765618065,0.11667999437936005,0.2722533202185068,526.2814737764354,,0.0,0.0,1494.328104111349,203.16365073320276,0.24824061254874233
clausius,quarkyonic,c,3.5073713827729227,0.5016949749152543,3.135593593220339,0.3,0.22369924783965234,3.026317930479551,4.271397138628425,3.8842045031467562,0.1168398559145336,0.27262633046724505,546.6032075427804,,0.0,0.0,1503.2241809625018,207.56348950795757,0.22083760514392822
clausius,quarkyonic,c,3.5073713827729227,0.5152542942372882,3.220339338983051,0.3,0.2432533742063409,3.1733620692052114,4.362553003620155,3.978594345249959,0.11697508457692829,0.27294186401283266,567.0400775012715,,0.0,0.0,1511.268303067513,211.65178685635078,0.20320777864903844
clausius,quarkyonic,c,3.5073713827729227,0.5288136135593221,3.305085084745763,0.3,0.26192198978521397,3.311342451448838,4.450336952613584,4.07060945807699,0.11709170990110658,0.27321398976924866,587.5822464754253,,0.0,0.0,1518.7312311730864,215.5464138845739,0.19205907675084063
clausius,quarkyonic,c,3.5073713827729227,0.542372932881356,3.3898308305084752,0.3,0.27974628311267746,3.4414445207441657,4.535122635895707,4.160250526391171,0.11719383625406249,0.27345228459281246,608.222979448495,,0.0,0.0,1525.7927727960325,219.32767684412045,0.18525458177602852
clausius,quarkyonic,c,3.5073713827729227,0.5559322522033899,3.474576576271187,0.3,0.2967692604997394,3.5646316444133825,4.617219556294642,4.247557480089983,0.11728459464871058,0.2736640541803247,628.9576135431935,,0.0,0.0,1532.574089852176,223.05107840428434,0.18139450423441067
clausius,quarkyonic,c,3.5073713827729227,0.5694915715254237,3.559322322033898,0.3,0.31303538389129293,3.6817043937487046,4.696865076475436,4.3325949542051,0.11736616764303211,0.2738543911670749,649.7828853728022,,0.0,0.0,1539.1576919703534,226.7553542453095,0.17954882066724667
clausius,quarkyonic,c,3.5073713827729227,0.5830508908474576,3.6440680677966104,0.3,0.3285884023919481,3.7933321937966404,4.77425082041979,4.415441981888576,0.11744013903320683,0.2740269910774826,670.6964852816006,,0.0,0.0,1545.6001935918457,230.4677074500663,0.17909016125423166
clausius,quarkyonic,c,3.5073713827729227,0.5966102101694916,3.7288138135593223,0.3,0.3434696314224063,3.9000760039101987,4.849547839681553,4.496184851197572,0.11750781635391959,0.27418490482581237,691.696757904952,,0.0,0.0,1551.9406305961836,234.20729675343512,0.17958913650466443
clausius,quarkyonic,c,3.5073713827729227,0.6101695294915255,3.813559559322034,0.3,0.35771839327898314,4.002413238091496,4.922901366422902,4.574912947417819,0.11757019973220716,0.2743304660418167,712.7824985686815,,0.0,0.0,1558.2059747080536,237.98760274365975,0.1807479888720391
clausius,quarkyonic,c,3.5073713827729227,0.6237288488135594,3.898305305084746,0.3,0.37137198718029074,4.1007542455307675,4.994433712051523,4.6517159316558665,0.1176280280303978,0.27446539873759485,733.9528133977567,,0.0,0.0,1564.4148426558415,241.81805714060522,0.18235787900981526
clausius,quarkyonic,c,3.5073713827729227,0.6372881681355933,3.983051050847458,0.3,0.38446464423955573,4.195450118567213,5.064264027599973,4.726681417366183,0.11768201978857926,0.27459137950668494,755.2070223552316,,0.0,0.0,1570.5800225928024,245.7051796000294,0.1842709310665737
clausius,quarkyonic,c,3.5073713827729227,0.6508474874576271,4.067796796610169,0.3,0.39702952058900526,4.286811172466788,5.132480215316897,4.7998947289696305,0.11773254646073003,0.27470927507503673,776.5445915686821,,0.0,0.0,1576.710214157892,249.653380415912,0.18638163783114614
clausius,quarkyonic,c,3.5073713827729227,0.664406806779661,4.152542542372881,0.3,0.4090962152304698,4.375103198502993,5.199182072861278,4.8714369995733025,0.1177801490258219,0.27482034772691777,797.9650858572033,,0.0,0.0,1582.8112386219502,253.66553337710047,0.18861430099532442
clausius,quarkyonic,c,3.5073713827729227,0.6779661261016949,4.237288288135593,0.3,0.42069279311308716,4.460562151050083,5.2644525792719,4.94138571808225,0.11782519886277402,0.2749254640131394,819.4681353303065,,0.0,0.0,1588.8868878100184,257.74338863850676,0.1909144243197257
clausius,quarkyonic,c,3.5073713827729227,0.6915254454237288,4.322034033898305,0.3,0.43184644950809814,4.54340123113473,5.328349940356678,5.00981490113987,0.11786779112189563,0.2750248459510898,841.0534118701559,,0.0,0.0,1594.9395239308574,261.88787284921807,0.19324273757718896
clausius,quarkyonic,c,3.5073713827729227,0.7050847647457628,4.406779779661017,0.3,0.44258049036894886,4.6238016072002255,5.390960336915345,5.076793448023401,0.11790840114387244,0.2751196026690357,862.7206126004123,,0.0,0.0,1600.970505983756,266.09930901835514,0.19557099668908023
clausius,quarkyonic,c,3.5073713827729227,0.7186440840677966,4.491525525423729,0.3,0.4529182216490858,4.701931697181064,5.452336997842578,5.142387181883801,0.1179471250539522,0.2752099584592218,884.4694483370412,,0.0,0.0,1606.9804943614436,270.37757869534244,0.19787899887913787
clausius,quarkyonic,c,3.5073713827729227,0.7322034033898305,4.576271271186441,0.3,0.46288108306186515,4.77794145239171,5.512533411641255,5.206657965250958,0.11798408970214859,0.27529620930501336,906.2996355863986,,0.0,0.0,1612.9696691809254,274.7222422935404,0.2001524405042176
clausius,quarkyonic,c,3.5073713827729227,0.7457627227118644,4.6610170169491525,0.3,0.47248815905554153,4.851962264929742,5.571614388412406,5.269663523395413,0.11801960002964618,0.27537906673584106,928.2108910951832,,0.0,0.0,1618.937887084495,279.132628797546,0.2023813654291643
clausius,quarkyonic,c,3.5073713827729227,0.7593220420338983,4.745762762711864,0.3,0.4817585340783697,4.9241180682417385,5.629618584548018,5.331458875896917,0.11805365045107596,0.27545851771917723,950.202928230145,,0.0,0.0,1624.8845350850213,283.6077108003092,0.2045665305377795
clausius,quarkyonic,c,3.5073713827729227,0.7728813613559322,4.830508508474576,0.3,0.4907090941511165,4.994517564196565,5.686597789279216,5.392095266612162,0.11808643459160428,0.27553501404707664,972.2754546671728,,0.0,0.0,1630.809555339835,288.14685397233075,0.20670164893391407
clausius,quarkyonic,c,3.5073713827729227,0.7864406806779661,4.915254254237288,0.3,0.499356109385242,5.063261642710766,5.742591971008345,5.451621191722674,0.11811801663370064,0.2756087054786348,994.4281710214619,,0.0,0.0,1636.7124974938486,292.7491211838893,0.208783959946775
clausius,quarkyonic,c,3.5073713827729227,0.8,5.0,0.3,0.5077145211426164,5.130441326274499,5.797643253069988,5.510082144722321,0.11814851492577207,0.2756798681601348,1016.6607701454785,,0.0,0.0,1642.592837987066,297.4135001332801,0.21081164082788367
