model,parameter_name,parameter_value,central_pressure_mev_fm3,central_energy_density_mev_fm3,mass_msun,radius_km
clausius,c,3.7539943789839736,0.10000000000000002,38.92792018629199,0.007580245391313914,4.103893703227437
clausius,c,3.7539943789839736,0.11857392889430071,42.987653901840204,0.010286082385763815,4.464786141363823
clausius,c,3.7539943789839736,0.14059776613430683,47.16759702996458,0.013271368103183351,4.7774866884508915
clausius,c,3.7539943789839736,0.16671229524306816,51.524712959148104,0.016578405748148478,5.057671656072915
clausius,c,3.7539943789839736,0.1976773184195723,55.94876005126258,0.020254081256219227,5.314586946891476
clausius,c,3.7539943789839736,0.23439376298298403,60.50783156850956,0.024347886154813123,5.554203704511813
clausius,c,3.7539943789839736,0.2779298938521192,65.24645127407149,0.028930998125992462,5.781546010129181
clausius,c,3.7539943789839736,0.32955239471221726,70.15993477926429,0.034081546077285405,6.000024441380457
clausius,c,3.7539943789839736,0.3907632221755296,75.21607788423474,0.03988633811103513,6.212231006787626
clausius,c,3.7539943789839736,0.46334330520749073,80.48121244865203,0.046442091943729634,6.4199761869297225
clausius,c,3.7539943789839736,0.5494043612532328,85.9743804775491,0.05386198964704712,6.624881291931577
clausius,c,3.7539943789839736,0.6514503366545952,91.70999232184148,0.06227232801147813,6.828219969292002
clausius,c,3.7539943789839736,0.7724502589665021,97.70406372461498,0.07181335525001056,7.030847957140393
clausius,c,3.7539943789839736,0.9159246208107819,103.97399909511185,0.0826436888038264,7.233519452894555
clausius,c,3.7539943789839736,1.08604780860557,110.55133123782136,0.09493894639543396,7.436763579491307
clausius,c,3.7539943789839736,1.2877695563340796,117.49027057066702,0.10888413015932495,7.6408052311003125
clausius,c,3.7539943789839736,1.526958958050023,124.84867239814294,0.12466751690918658,7.845458906485995
clausius,c,3.7539943789839736,1.810575229163389,132.66358175148395,0.14248418642874533,8.050367675013698
clausius,c,3.7539943789839736,2.1468701848060188,140.93312538332412,0.16255228107668424,8.255319037774354
clausius,c,3.7539943789839736,2.5456283263848314,149.60898050207038,0.18513478055751723,8.460185818390373
clausius,c,3.7539943789839736,3.018451521640727,158.69732711742532,0.21054418362611513,8.665175516262169
clausius,c,3.7539943789839736,3.5790965609792127,168.20149890923537,0.23912395312033705,8.87046745202925
clausius,c,3.7539943789839736,4.243875411273853,178.13360391024196,0.2712473625714645,9.076207545003033
clausius,c,3.7539943789839736,5.032129812526569,188.50736039760264,0.30730987570808876,9.282541219323555
clausius,c,3.7539943789839736,5.966794025774161,199.3371120885108,0.3477296240836616,9.489131226227514
clausius,c,3.7539943789839736,7.075062105390836,210.6169742616923,0.39293974835727236,9.695691906219329
clausius,c,3.7539943789839736,8.389179110073743,222.36504480784438,0.44338474297772,9.90192454549251
clausius,c,3.7539943789839736,9.947379272794375,234.57943254807216,0.4995109153870793,10.10753583641619
clausius,c,3.7539943789839736,11.794998425769608,247.25449900553824,0.5617520971149337,10.311707172515183
clausius,c,3.7539943789839736,13.98579304645594,260.3800699237276,0.6305172316604056,10.513698707509844
clausius,c,3.7539943789839736,16.583504302208716,273.9396114416159,0.7061707561890977,10.712779503210982
clausius,c,3.7539943789839736,19.66371259948426,287.9172779869013,0.7890105165457411,10.908023769992791
clausius,c,3.7539943789839736,23.316036595692115,302.28224621226855,0.879243768205455,11.09825090096584
clausius,c,3.7539943789839736,27.646740653945095,316.9826437902542,0.9769683480917585,11.283119074898494
clausius,c,3.7539943789839736,32.781826604600575,331.9294953457411,1.0821612141504935,11.460889098423651
clausius,c,3.7539943789839736,38.870699768392036,346.9485921988871,1.1947104829943673,11.630744964697923
clausius,c,3.7539943789839736,46.090515904090275,361.6528373109381,1.3144731914236558,11.79254452150328
clausius,c,3.7539943789839736,54.65133555513233,373.390709959219,1.4424399236629737,11.94759087117516
clausius,c,3.7539943789839736,64.8022357609284,381.9820701357862,1.5813585546557014,12.102699005257435
clausius,c,3.7539943789839736,76.83855695308033,389.53271602541093,1.731557446117167,12.260582863435607
clausius,c,3.7539943789839736,91.11049588495221,397.41721695098386,1.8907031803048795,12.41808815610735
clausius,c,3.7539943789839736,108.033294605868,406.7967206100868,2.0546550165443715,12.57029473880167
clausius,c,3.7539943789839736,128.0993219281323,420.74781190922494,2.2173679323257454,12.709644652555923
clausius,c,3.7539943789839736,151.89239889714491,446.5830733054276,2.3689522346511414,12.821819614831613
clausius,c,3.7539943789839736,180.1047850641482,501.05461190191386,2.494210795748708,12.887564019539466
clausius,c,3.7539943789839736,213.55731977719614,617.861293212013,2.573968547502768,12.880065230391589
clausius,c,3.7539943789839736,253.2233045011869,798.2438165072821,2.6016826171160115,12.79669979605321
clausius,c,3.7539943789839736,300.2568210230359,1008.7666363565005,2.5924476499408438,12.659978760754434
